Facility,Pollutant,Potential Emis Rate (lbs/hr),Unrestricted Emis Rate (tons/yr),Limited Emis Rate (tons/yr)
3M - Alexandria,Nitrogen Oxides,19.378,84.948,84.948
,Sulfur Dioxide,0.06635,0.418617,0.418617
,Carbon Monoxide,5.923,25.8818,30.1028
,PM < 10 micron,2.57789,11.3084,11.3184
,PM < 2.5 micron,2.14,9.42,9.42
3M - Cottage Grove,Nitrogen Oxides,0.5,2.21,2.21
,Carbon Monoxide,0.42,1.86,1.86
3M - Cottage Grove - Abrasive Systems Division,Nitrogen Oxides,64.284,281.576,242.676
,Sulfur Dioxide,0.62,2.72,0.16
,Carbon Monoxide,3.26,14.22,5.81
,PM < 10 micron,23.57,103.296,85.026
,PM < 2.5 micron,0.24,1.066,0.176
3M - Cottage Grove - Bldg 133/Traffic Safety,Nitrogen Oxides,4.13,15.68,
,Sulfur Dioxide,0.02,0.08,
,Carbon Monoxide,2.81,12.31,
,PM < 10 micron,7.572,33.19,
3M - Cottage Grove - Corporate Incinerator,Nitrogen Oxides,47.73,209,209
,Sulfur Dioxide,68.18,298.6,95
,Carbon Monoxide,15.29,67,67
,PM < 10 micron,4.59,"1,468.7",20.1
,PM < 2.5 micron,4.59,"1,468.7",20.1
3M - Cottage Grove - Specialty Additives,Nitrogen Oxides,24.84,66.28,66.28
,Sulfur Dioxide,24.58,105.02,105.02
,Carbon Monoxide,4.47,11.11,11.11
,PM < 10 micron,130.38,768.284,280.964
,PM < 2.5 micron,1.793,7.86,7.72
3M - Cottage Grove - Tape Manufacturing,Nitrogen Oxides,18.06,,79.12
,Sulfur Dioxide,0.0494,,0.22
,Carbon Monoxide,7,,37.18
,PM < 10 micron,1.338,,4.32
3M - Cottage Grove - Utilities/Support Svcs,Nitrogen Oxides,2.49,10.91,0.62
,Sulfur Dioxide,0.16,0.7,0.04
,Carbon Monoxide,0.54,2.37,0.14
,PM < 10 micron,0.17,0.74,0.04
3M - Hutchinson Tape Manufacturing Plant,Nitrogen Oxides,163.451,715.929000000,567.559
,Sulfur Dioxide,374.806175,"1,674.843","1,124.793"
,Carbon Monoxide,70.053,307.229,284.339
,PM < 10 micron,93.18728,523.187,322.887
,PM < 2.5 micron,0.09,0.39,0.39
3M - Maplewood,Nitrogen Oxides,330.3,"1,316.523","1,037.37"
,Sulfur Dioxide,73.1830639,190.330016,189.844016
,Carbon Monoxide,120.77,498.07,495.45
,PM < 10 micron,23.31,73.47,73.33
,PM < 2.5 micron,15.87,54.26,54.12
3M - R & D Facility - Maplewood Bldg 201,Nitrogen Oxides,,4.615,4.615
,Sulfur Dioxide,,0.333,0.333
,Carbon Monoxide,,24.315,24.315
,PM < 10 micron,38.12,"1,531.014",22.345
,PM < 2.5 micron,38.12,"1,488.63",5.45
Abbott Northwestern Hospital,Nitrogen Oxides,236.73,187.95,42.35
,Sulfur Dioxide,0.39,1.4,0.07
,Carbon Monoxide,64.48,92.89,16.54
,PM < 10 micron,7.68,16.31,1.49
,PM < 2.5 micron,6.5,11.59,1.49
ACME Brick Great Lakes Plant,Nitrogen Oxides,15.74,68.94,68.94
,Sulfur Dioxide,78.39,343.02,232.3
,Carbon Monoxide,25.49,111.41,111.39
,PM < 10 micron,31.222,131.15,131.13
,PM < 2.5 micron,5.935,27.71,17.26
Acuity Brands Lighting dba Winona Lighting Inc,Nitrogen Oxides,2.03599,8.9082,8.9082
,Sulfur Dioxide,"11,400.0122688",0.054256,0.054256
,Carbon Monoxide,1.52478,6.67797,6.67797
,PM < 10 micron,16.938991,225.04719,1.48119
,PM < 2.5 micron,16.938991,225.04719,1.48119
ADM - Mankato,Nitrogen Oxides,230.388,962.453,924.453
,Sulfur Dioxide,234.686,"1,027.279","1,026.259"
,Carbon Monoxide,439.66,722.66,654.26
,PM < 10 micron,"3,041.12","12,236.612","11,775.51"
ADM - Red Wing,Nitrogen Oxides,38.64,169.24,169.24
,Sulfur Dioxide,184.251,807.021,807.02
,Carbon Monoxide,12.6,55.188,55.19
,PM < 10 micron,"1,730.37","7,586.818",421.06
,PM < 2.5 micron,1.19,12.95,3.29
ADM Corn Processing - Marshall,Nitrogen Oxides,91.28,473.18,327.71
,Sulfur Dioxide,73.023,"1,047",316.181
,Carbon Monoxide,144.1,"1,498.76",616.975
,PM < 10 micron,45.8345,"3,276.34",189.083
,PM < 2.5 micron,35.3598,619.0999,52.7292
Advanced Disposal Services Rolling Hills Landfill,Nitrogen Oxides,2.6,11.4,11.4
,Sulfur Dioxide,1,4.4,4.4
,Carbon Monoxide,48.8,213.8,213.8
,PM < 10 micron,1.2,4.8,4.8
Ag Processing Inc - Dawson,Nitrogen Oxides,19.188,104.693,66.7
,Sulfur Dioxide,20.468,848.143,86.352
,Carbon Monoxide,6.5536,50.632,21.786
,PM < 10 micron,30.453875,"1,677.805",107.088
,PM < 2.5 micron,7.839178,252.37,30.489
Aggregate Industries Inc - Yard A,Nitrogen Oxides,1.569,6.87,1.22
,Sulfur Dioxide,0.009,0.04,0.01
,Carbon Monoxide,1.318,5.77,1.03
,PM < 10 micron,6.669,48.32,28.79
Agra Resources LLC dba POET Biorefining -Glenville,Nitrogen Oxides,56.48,239.83,239.88
,Sulfur Dioxide,0.479,1.88,1.59
,Carbon Monoxide,28.31,687.63,123
,PM < 10 micron,214.96,"1,517.14",146.01
,PM < 2.5 micron,12.99,124.51,50.59
Agri-Energy,Nitrogen Oxides,30.32,166.14,74.5
,Sulfur Dioxide,0.185,0.79,0.55
,Carbon Monoxide,18.56,396.24,79.22
,PM < 10 micron,12.85,599.73,36.74
,PM < 2.5 micron,7.895,517.25,31.08
AI-Corn Clean Fuel,Nitrogen Oxides,181.406,797.99,82.86
,Sulfur Dioxide,22.76,167.05,42.5
,Carbon Monoxide,65.67,302.66,109.39
,PM < 10 micron,32.88,184.18,104.91
ALLIANCE PIPELINE - ALBERT LEA 25-A,Nitrogen Oxides,90.24,327.49,266.492
,Sulfur Dioxide,1.42,6.1972,6.1809823
,Carbon Monoxide,26.6,225.4,122.715
,PM < 10 micron,2.74,12.5478,12.0124
,PM < 2.5 micron,2.74,12.5478,12.0124
Alliance Pipeline LP,Nitrogen Oxides,59.6,138.78,138.78
,Sulfur Dioxide,0.70786,3.081964,3.081964
,Carbon Monoxide,63.1,70.72,70.72
,PM < 10 micron,1.66,6.000648,6.0648
,PM < 2.5 micron,1.66,6.0648,6.0648
Alumacraft Boat Co,Nitrogen Oxides,0.39,1.69,1.69
,Sulfur Dioxide,0.00214,0.015,0.015
,Carbon Monoxide,0.32,1.42,1.42
,PM < 10 micron,23.38,"1,118.57",15.84
,PM < 2.5 micron,23.38,"1,118.57",15.84
American Crystal Sugar - Crookston,Nitrogen Oxides,761.44,"3,335.04","3,333.6"
,Sulfur Dioxide,836.249,"3,662.74","3,662.74"
,Carbon Monoxide,683.72,"2,995.4","2,818.24"
,PM < 10 micron,331.76,"1,453.31","1,453.31"
,PM < 2.5 micron,217.739,955.109,951.749
American Crystal Sugar - East Grand Forks,Nitrogen Oxides,995.35,"4,359.64","4,299.44"
,Sulfur Dioxide,"1,639.34","7,186.35","6,986.66"
,Carbon Monoxide,989.39,"4,333.19","4,005.67"
,PM < 10 micron,311.16,"91,266.434","1,373.69"
,PM < 2.5 micron,240.290512,"82,353.764","1,063.932242"
,Hydrogen Sulfide (H2S),0.48,2.12,
American Crystal Sugar - Moorhead,Nitrogen Oxides,545.767,"2,390.4609","2,390.4609"
,Sulfur Dioxide,979.652,"5,013.39346","4,290.86866"
,Carbon Monoxide,347.205,"1,520.7027","1,520.7027"
,PM < 10 micron,290.770714282,"3,599.157088566","1,273.587328566"
AmeriPride Services Inc - Hibbing,Nitrogen Oxides,1.115,4.882,4.882
,Sulfur Dioxide,0.007,0.029,0.029
,Carbon Monoxide,0.935,4.101,4.101
,PM < 10 micron,0.085,0.371,0.371
,PM < 2.5 micron,0.085,0.371,0.371
AmeriPride Services Inc - Mankato,Nitrogen Oxides,2.833,12.45,12.45
,Sulfur Dioxide,0.32,1.43,1.43
,Carbon Monoxide,1.64,7.19,7.19
,PM < 10 micron,0.153,0.67,0.67
,PM < 2.5 micron,0.153,0.67,0.67
AmeriPride Services Inc - Minneapolis,Nitrogen Oxides,8.47868,25.09703,25.09703
,Sulfur Dioxide,0.038,0.14751,0.14751
,Carbon Monoxide,6.58708,20.95108,20.95108
,PM < 10 micron,2.53227,2.30707,2.30707
,PM < 2.5 micron,1.46127,2.30707,2.30707
AmeriPride Services Inc - Saint Cloud,Nitrogen Oxides,4,17.6,17.6
,Sulfur Dioxide,0.443,2.02,2.02
,Carbon Monoxide,2.32,10.19,10.19
,PM < 10 micron,1.11,4.84,4.84
,PM < 2.5 micron,1.11,4.84,4.84
AMPI - Rochester,Nitrogen Oxides,157,674.43,23
,Sulfur Dioxide,351.78,"1,472.83",2.38
,Carbon Monoxide,38.36,168.02,6.12
,PM < 10 micron,32.34,136.71,36.26
,PM < 2.5 micron,23.193,98.354,34.754
Anchor Glass Container Corp,Nitrogen Oxides,488.26,"2,138.58","2,036.18"
,Sulfur Dioxide,257.16,"1,126.32","1,072.3"
,Carbon Monoxide,28.8,126.1,120.48
,PM < 10 micron,124.59,542.59,426.042
Andersen Corp,Nitrogen Oxides,174.43,"1,060.99",337.54
,Sulfur Dioxide,35.71202,143.254177,34.624177
,Carbon Monoxide,181.1,"1,209.57",437.35
,PM < 10 micron,115.8517,"59,670.7921",330.39
,PM < 2.5 micron,3.43,,
ANI Pharmaceuticals Inc,Nitrogen Oxides,13.044,57.08,8.8
,Sulfur Dioxide,0.782,3.429,0.232
,Carbon Monoxide,3.648,15.947,5.577
,PM < 10 micron,0.931,4.077,0.654
,PM < 2.5 micron,0.931,4.077,0.654
ArcelorMittal Minorca Mine Inc,Nitrogen Oxides,"1,830.96","10,448.9",
,Sulfur Dioxide,"1,024.149","4,488.67","4,468"
,Carbon Monoxide,48.47,355.74,
,PM < 10 micron,446.165,"93,694.6","3,384.89"
Arctic Cat Inc,Nitrogen Oxides,127.49,480.88,
,Sulfur Dioxide,6.84,27.57239,
,Carbon Monoxide,734.86,"3,208.54",
,PM < 10 micron,8.3,33.66781,
,PM < 2.5 micron,8.3,33.66781,
Ardent Mills Flour Mill,Nitrogen Oxides,1.91,8.38,8.38
,Sulfur Dioxide,6.89,30.16,30.16
,Carbon Monoxide,1.07,4.69,4.69
,PM < 10 micron,472.1624,"215,037.1","1,737.49"
,PM < 2.5 micron,463.76152,"36,548.30864","1,729.43"
Associated Milk Producers - Paynesville,Nitrogen Oxides,69.801,305.748,305.748
,Sulfur Dioxide,115.645,506.492,9.194
,Carbon Monoxide,10.837,47.474,47.474
,PM < 10 micron,11.408,49.958,49.958
,PM < 2.5 micron,9.897,43.344,43.344
Avtec Finishing Systems Inc,PM < 10 micron,0.6317779,1.30281,1.30281
,PM < 2.5 micron,0.6263167,1.3028,1.3028
Badger Equipment Co,PM < 10 micron,76.92,"1,052.64",336.84
,PM < 2.5 micron,76.92,"1,052.64",336.84
Badger Foundry Co,Nitrogen Oxides,4.57,20.62,20
,Sulfur Dioxide,14.766,161.97,64.65
,Carbon Monoxide,43.86,192.15,192.15
,PM < 10 micron,27.92,"1,811.2",122.1
BAE Technology Center,Nitrogen Oxides,35.9,26.84,26.84
,Sulfur Dioxide,3.62,7.24,7.24
,Carbon Monoxide,9.26,12.46,12.46
,PM < 10 micron,2.65,2.45,2.45
,PM < 2.5 micron,2.65,2.45,2.45
Banta Direct Marketing - Chanhassen,Nitrogen Oxides,16.67,72.99,72.99
,Sulfur Dioxide,0.1002,0.4402,0.4402
,Carbon Monoxide,14.01,61.37,61.37
,PM < 10 micron,1.265,5.494,5.494
,PM < 2.5 micron,1.265,5.5,5.5
Barton Sand & Gravel - Elk River Pit 718,Nitrogen Oxides,2.29,10,10
,Sulfur Dioxide,0.00949,0.04,0.04
,Carbon Monoxide,1.32,5.78,5.78
,PM < 10 micron,10.813724,76.7721,43.6121
,PM < 2.5 micron,5.612724,21.5821,23.6721
Bay State Milling Co,Nitrogen Oxides,1.04,4.54,4.54
,Sulfur Dioxide,0.006,0.03,0.03
,Carbon Monoxide,0.87,3.81,3.81
,PM < 10 micron,0.786,94.48,4.04
,PM < 2.5 micron,0.486,46.08,2.16
Benson Light and Power,Nitrogen Oxides,687.13,"3,009.63",0
,Sulfur Dioxide,1.48,6.26,0.49
,Carbon Monoxide,30.55,243.35,12.17
,PM < 10 micron,8.13,35.63,4.49
,PM < 2.5 micron,8.13,35.63,4.49
Benson Power Biomass Plant,Nitrogen Oxides,508,"2,224","2,224"
,Sulfur Dioxide,728,"2,360","2,360"
,Carbon Monoxide,"1,140","3,328","3,328"
,PM < 10 micron,63.2,276,276
Bergquist Co - Cannon Falls,Nitrogen Oxides,4.976,21.79,21.79
,Sulfur Dioxide,0.0136,0.0593,0.0593
,Carbon Monoxide,1.121,8.3,8.3
,PM < 10 micron,0.1712,0.75,0.75
,PM < 2.5 micron,0.1712,0.75,0.75
Blandin Paper Co/MN Power - Rapids Energy Center,Nitrogen Oxides,204.7,857.94,745.99
,Sulfur Dioxide,2.6404,8.83,7.09
,Carbon Monoxide,207.18,897.96,726.7
,PM < 10 micron,30.3257,266.3475,106.2457
Blooming Prairie Public Utilities,Nitrogen Oxides,344.4,"1,508.46",182.08
,Sulfur Dioxide,0.15,0.65,0.08
,Carbon Monoxide,20.68,90.53,7.8
,PM < 10 micron,4.29,18.81,2.19
,PM < 2.5 micron,4.17,18.24,2.11
Blue Earth Light & Water,Nitrogen Oxides,636.53,"2,749.993",
,Sulfur Dioxide,9.06,34.669,
,Carbon Monoxide,110.24,465.688,
,PM < 10 micron,12.68,52.995,
,PM < 2.5 micron,12.68,52.995,
Blue Grass Proteins WWTP,Nitrogen Oxides,37.33,172.02,163.3
,Sulfur Dioxide,54.889,553.84,240.39
,Carbon Monoxide,15.96,53.11,54.11
,PM < 10 micron,39.34,175.71,167.35
Boise White Paper LLC - Intl Falls,Nitrogen Oxides,"1,137.32","4,969.88","4,209.35"
,Sulfur Dioxide,571.6313,"2,502.364",847.792
,Carbon Monoxide,"2,021.7","9,094.4","9,282.4"
,PM < 10 micron,292.4992,"3,036.262",750.212
,PM < 2.5 micron,197.6,"2,155.862",578.462
,Hydrogen Sulfide (H2S),10.661626,46.5057,22.3043
Bongards' Creameries Inc,Nitrogen Oxides,329.953,"1,326.252",371.206
,Sulfur Dioxide,312.471,"1,367.818","1,351.134"
,Carbon Monoxide,73.188,271.005,75.221
,PM < 10 micron,18.756,80.148,70.388
,PM < 2.5 micron,14.435,61.292,51.532
Broadway Generation Plant,Nitrogen Oxides,698.59,"3,060.33",4.85
,Sulfur Dioxide,0.426,1.878,0.0044
,Carbon Monoxide,20.07,87.94,0.7
,PM < 10 micron,6.23,27.29,0.0575
,PM < 2.5 micron,6.23,27.29,0.0575
Brunswick New York Mills Operations,PM < 10 micron,71.21,"1,807.27",48.06
,PM < 2.5 micron,71.21,"1,807.27",48.06
Buffalo Lake Advanced Biofuels LLC,Nitrogen Oxides,36.21,158.58,101.93
,Sulfur Dioxide,0.12,0.48,0.22
,Carbon Monoxide,30.24,132.47,94.93
,PM < 10 micron,21.787,122.43,91.975
Buffalo WWTP,Nitrogen Oxides,38.44,168.42,48.89
,Sulfur Dioxide,8.88,30.17,6.47
,Carbon Monoxide,55.58,243.45,216.06
,PM < 10 micron,157.14,688.25,7.06
Burnsville Sanitary Landfill,Nitrogen Oxides,65.8,288.2,288.2
,Sulfur Dioxide,83.04,363.46,363.46
,Carbon Monoxide,105.62,462.51,462.51
,PM < 10 micron,45.342,277.26,73.28
,PM < 2.5 micron,14.002,73.13,52.87
Busch Agricultural Resources - Moorhead,Nitrogen Oxides,114.54,446.65,446.65
,Sulfur Dioxide,641.18,"2,691.57","2,804.97"
,Carbon Monoxide,21,80.12,80.12
,PM < 10 micron,38.826,149.06,166.04
,PM < 2.5 micron,38.826,"1,343.39",166.07
Bushmills Ethanol,Nitrogen Oxides,45.42,183.33,183.44
,Sulfur Dioxide,17.032,74.186,74.186
,Carbon Monoxide,54.96,382.44,194.81
,PM < 10 micron,172.324,"3,967.94",55.28
Cambria Co,Nitrogen Oxides,271.862,"1,190.756",68.676
,Sulfur Dioxide,3.874,16.928,1.036
,Carbon Monoxide,17.2154,75.4,15
,PM < 10 micron,3.222317000,27.707100000,2.620959
,PM < 2.5 micron,1.292,19.3836,1.151
Cargill AgHorizons - Fairmont,PM < 10 micron,,309.72,8.95
,PM < 2.5 micron,,52.87,4.94
Carley Foundry Inc,Nitrogen Oxides,9.5432,41.8015,41.8015
,Sulfur Dioxide,1.245337,5.450829,5.453729
,Carbon Monoxide,5.1869,23.7275,23.7275
,PM < 10 micron,15.4466122,183.590482,67.9460524
,PM < 2.5 micron,10.5107147,110.1667723,38.2028297
Carstens Industries Inc,PM < 10 micron,35.6,156,156
,PM < 2.5 micron,35.6,156,156
Centennial Generating Station,Nitrogen Oxides,283.85,"1,243.25",0
,Sulfur Dioxide,0.2,0.8,0
,Carbon Monoxide,32.85,143.9,0
,PM < 10 micron,2.2,9.65,0
,PM < 2.5 micron,2.2,9.65,0
Central Boiler Inc,Nitrogen Oxides,22.641,99.17,99.17
,Sulfur Dioxide,0.398,1.741,1.741
,Carbon Monoxide,12.484,54.677,54.677
,PM < 10 micron,3.564,15.605,15.605
,PM < 2.5 micron,3.564,15.605,15.605
Central MN Renewables,Nitrogen Oxides,40.16,87.8,49.4
,Sulfur Dioxide,6.28,14.08,11.54
,Carbon Monoxide,34.23,368.52,50
,PM < 10 micron,13.96795,389.5842,30.02432
,PM < 2.5 micron,12.31915,364.35332,25.65344
Central Specialties Inc - Plant 3,Nitrogen Oxides,116.054,508.7884,117.3256
,Sulfur Dioxide,81.6230975,357.85479705,74.2085647
,Carbon Monoxide,193.002789862,846.134619607,176.4605
,PM < 10 micron,478.05285,"2,099.028183",39.262122
,PM < 2.5 micron,449.882975,"1,970.4699705",31.815647
,Hydrogen Sulfide (H2S),0.07435718,0.3256847,0.06701555
Central Specialties Inc - Plant 4,Nitrogen Oxides,102.754,449.9584,105.6556
,Sulfur Dioxide,81.6227975,357.45699705,74.2885647
,Carbon Monoxide,185.102789862,810.794619607,169.3605
,PM < 10 micron,488.72285,"2,140.548183",41.946122
,PM < 2.5 micron,450.152975,"1,971.6199705",31.365647
,Hydrogen Sulfide (H2S),0.07435718,0.3256847,0.06701555
Central Specialties Inc - Plant 5,Nitrogen Oxides,116.054,508.7884,117.3256
,Sulfur Dioxide,81.6230975,357.85479705,74.2085647
,Carbon Monoxide,193.002789862,846.134619607,176.4605
,PM < 10 micron,478.05285,"2,099.028183",39.266122
,PM < 2.5 micron,449.882975,"1,970.4699705",31.815647
,Hydrogen Sulfide (H2S),0.07435718,0.3256847,0.06701555
Ceramic Industrial Coatings,Nitrogen Oxides,0.05,0.22,0.22
,Sulfur Dioxide,0,0,0
,Carbon Monoxide,0.01,0.05,0.05
,PM < 10 micron,0.01,0.03,0.03
CertainTeed Corp,Nitrogen Oxides,17.36,294.79,68.16
,Sulfur Dioxide,37.2642,157.2788,125.1288
,Carbon Monoxide,32.6,202.363,124.07
,PM < 10 micron,102.3552118,440.866,292.1088
Childs Road Terminal,PM < 10 micron,2.78,"5,887.47",12.21
,PM < 2.5 micron,101.78,"5,887.31",12.21
Chippewa Valley Ethanol Co LLLP,Nitrogen Oxides,323.729,"1,418.415",258.65
,Sulfur Dioxide,59.115,258.876,70.71
,Carbon Monoxide,103.054,450.54,173.752
,PM < 10 micron,17.6343,473.848,49.4243
,PM < 2.5 micron,15.6032,295.0721,38.1667
CHS,Nitrogen Oxides,21.57,70.37,70.35
,Sulfur Dioxide,2.26437,1.2391,1.24
,Carbon Monoxide,10.19,40,40
,PM < 10 micron,13.7839,693.67256,60.2277
,PM < 2.5 micron,8.702279,154.603781,39.819361
CHS Fairmont,Nitrogen Oxides,49.52,216.8,139.24
,Sulfur Dioxide,20.08,87.96,36.08
,Carbon Monoxide,15.84,69.38,69.38
,PM < 10 micron,56.58,"7,666.04",149.34
,PM < 2.5 micron,45.8,"6,967.3",146.2
CHS Mankato,Nitrogen Oxides,177.24,721.24,701.1
,Sulfur Dioxide,699.4834,"3,177.362","3,175.078"
,Carbon Monoxide,48.102,206.443,206.443
,PM < 10 micron,"3,887.9354","16,996.0674","1,159.9342"
,PM < 2.5 micron,"2,781.122","12,205.0271","1,044.6221"
Cirrus Design Corp aka Cirrus Aircraft,Nitrogen Oxides,4.83,25.13,25.13
,Sulfur Dioxide,0,0.16,0.16
,Carbon Monoxide,4.81,21.12,21.12
,PM < 10 micron,920.89,"5,024.296",0
,PM < 2.5 micron,907.354,"4,965.23",0
Co-Operative Plating Co,Nitrogen Oxides,1.442,6.32,
,Sulfur Dioxide,5.12,11.2126,
,Carbon Monoxide,0.808,3.54,
,PM < 10 micron,3.3042,14.432,0.66
,PM < 2.5 micron,3.3042,14.432,0.66
Cold Spring Granite Co - Main Campus,Nitrogen Oxides,43.75,186.6473,0
,Sulfur Dioxide,0.6803,2.5600097,2.5600097
,Carbon Monoxide,12.338,54.85523,54.0023
,PM < 10 micron,24.5054,807.041765,4.636
,PM < 2.5 micron,24.0796,942.181765,4.306
Commercial Asphalt Co - Plant 905,Nitrogen Oxides,56.8,248.4,48.8
,Sulfur Dioxide,7.6,24.56,6.7
,Carbon Monoxide,185,810,153.6
Continental Cement Co,PM < 10 micron,39.52,164.91,40.141
Corn Plus,Nitrogen Oxides,62.88,275.48,250.71
,Sulfur Dioxide,29.431,"1,251.15",127.33
,Carbon Monoxide,59.48,260.21,248.55
,PM < 10 micron,89.708,"2,817.341",382.801
,PM < 2.5 micron,88.39831,"2,482.546",380.227
Covanta Hennepin Energy Resource Co LP,Nitrogen Oxides,"1,005.9",,"4,405.8"
,Sulfur Dioxide,114,,499.3
,Carbon Monoxide,298.7,,"1,308.4"
,PM < 10 micron,100.06,97.1,438.4
CR Bard - Stewartville Operation Plant 1,Nitrogen Oxides,1.82,7.96,7.96
,Sulfur Dioxide,0.012,0.048,0.048
,Carbon Monoxide,1.52,6.68,6.68
,PM < 10 micron,0.1613,0.6775,0.6775
,PM < 2.5 micron,0.1613,0.6775,0.6775
CR Bard - Stewartville Operation Plant 2,PM < 10 micron,0.41,1.79,1.79
Crenlo Cab Products Inc - Plant 2,PM < 10 micron,40.8306,178.8268,178.8268
Crown Cork & Seal Co USA - Faribault,Nitrogen Oxides,,,
,Sulfur Dioxide,0.01399,0.0617,0.0617
,Carbon Monoxide,0.21,0.911,0.911
,PM < 10 micron,4.48,19.46,19.46
,PM < 2.5 micron,4.48,19.46,19.46
Crown Cork and Seal Co Inc - Owatonna,Nitrogen Oxides,17.97,78.71,78.71
,Sulfur Dioxide,0.07421,0.32552,0.32552
,Carbon Monoxide,10.471,45.89,45.89
,PM < 10 micron,181.6162,796.275,76.595
,PM < 2.5 micron,181.6162,796.275,76.595
Crystal Cabinet Works Inc,Nitrogen Oxides,2.9521,12.9306,12.9306
,Sulfur Dioxide,0.0178,0.0777,0.0777
,Carbon Monoxide,2.4798,10.8618,10.8618
,PM < 10 micron,323.541800000,"7,705.337800000",111.1286
,PM < 2.5 micron,323.541800000,"7,705.337800000",111.1286
CS McCrossan Construction Inc,Nitrogen Oxides,,296.426,43.766
,Sulfur Dioxide,,54.60086,7.98038
,Carbon Monoxide,,"4,728.131",541.631
,PM < 10 micron,,"53,241.4353",18.7213
Cummins Power Generation,Nitrogen Oxides,"2,618.4299","11,471.3547",
,Sulfur Dioxide,263.98723,"1,156.0719",
,Carbon Monoxide,810.3804,"3,549.8988",
,PM < 10 micron,202.4725,886.491000000,
,PM < 2.5 micron,202.4685,886.491200000,
Cytec Engineered Materials Inc,Nitrogen Oxides,14.9364,65.335,65.335
,Sulfur Dioxide,0.595714,2.63341,2.63341
,Carbon Monoxide,12.1365,53.045,52.85
,PM < 10 micron,103.784,"2,081.37",8.89
,PM < 2.5 micron,3.925,40.35,8.89
Dakota Aggregates - UMore Park Facility,Nitrogen Oxides,28.57,125.13,13.85
,Sulfur Dioxide,3.4195,14.984,1.5695
,Carbon Monoxide,133.3,583.86,60.342
,PM < 10 micron,65.9921,"30,768.894",40.2256
,PM < 2.5 micron,32.6392,"7,985.404",17.45736
Daktronics Inc,Nitrogen Oxides,0.442,1.948,1.948
,Sulfur Dioxide,0.00267,0.01169,0.01169
,Carbon Monoxide,0.374,1.636,1.636
,PM < 10 micron,7.8138,227.068,34.188
,PM < 2.5 micron,7.8138,227.068,34.188
Delta Air Lines Inc - Mpls/Saint Paul,Nitrogen Oxides,"1,404.144",787.83,0.73
,Sulfur Dioxide,577.573,"2,335.783",0.022
,Carbon Monoxide,223.544,153.962,0.442
,PM < 10 micron,398.75676,383.848,116.85432
,PM < 2.5 micron,10.99,47.856,0.016
DENCO II LLC,Nitrogen Oxides,30.76,134.7,1.01
,Sulfur Dioxide,0.003,0.72,0.46
,Carbon Monoxide,20.062,258.67,87.85
,PM < 10 micron,14.028,649.214,48.994
,PM < 2.5 micron,10.313,564.29,43.44
DeZURIK Inc,PM < 10 micron,415.734,"1,820.92",26.582
,PM < 2.5 micron,415.734,"1,820.92",26.582
Digi-Key Corp,Nitrogen Oxides,169.53,626.19,159.91
,Sulfur Dioxide,0.12,0.39,0.1
,Carbon Monoxide,35.31,101.19,11.87
,PM < 10 micron,4.19,13.14,3.66
,PM < 2.5 micron,4.19,13.14,3.66
District Energy St Paul Inc-Hans O Nyman,Nitrogen Oxides,801.869,"3,496.432","3,013.16"
,Sulfur Dioxide,"1,337.05","5,855.19","5,786.81"
,Carbon Monoxide,942.901,"4,129.173","4,081.235"
,PM < 10 micron,303.559,"6,957.603","9,330.31"
,PM < 2.5 micron,49.062,214.91,316.29
Dotson Co Inc,Nitrogen Oxides,1.355,5.02,4.45
,Sulfur Dioxide,0.333,1.477,0.387
,Carbon Monoxide,1.01,4.41,4.41
,PM < 10 micron,282.06,"1,214.19",154.17
,PM < 2.5 micron,223.77,981.02,87.85
Douglas Corp - Eden Prairie,Nitrogen Oxides,0.154,0.668,
,Sulfur Dioxide,0.0009,0.004,
,Carbon Monoxide,0.128,0.56,
,PM < 10 micron,73.888,391.326,13.886
Duluth Steam Plant 1,Nitrogen Oxides,"1,010","4,450",
,Sulfur Dioxide,"2,260","9,900",
,Carbon Monoxide,690,"3,020",
,PM < 10 micron,30.28,"5,738.32",0.628
,PM < 2.5 micron,20.98,"3,698.32",0.628
Dura Supreme Inc,Nitrogen Oxides,4.327,18.949,18.949
,Sulfur Dioxide,0.4999,2.1885,2.1885
,Carbon Monoxide,2.508,10.982,10.982
,PM < 10 micron,362.386600000,"5,443.9775",56.5535
,PM < 2.5 micron,294.596600000,"4,901.4975",56.5535
East Central Solid Waste Commission,Nitrogen Oxides,,,5.1363
,Sulfur Dioxide,,,1.4225
,Carbon Monoxide,,,9.6266
,PM < 10 micron,0.52,2.27,15.33
,PM < 2.5 micron,0.52,2.27,3.57
,Hydrogen Sulfide (H2S),,,0.2984
EDCO Products Inc,Nitrogen Oxides,1.824,7.987,7.987
,Sulfur Dioxide,0.011,0.047,0.047
,Carbon Monoxide,1.532,6.71,6.71
,PM < 10 micron,0.417,15.929,1.833
,PM < 2.5 micron,0.417,15.929,1.833
Electric Machinery Co Inc/WEG Group,Nitrogen Oxides,5.547,24.294,24.294
,Sulfur Dioxide,0.330286,1.352451,1.352451
,Carbon Monoxide,3.374,14.762,14.222
,PM < 10 micron,576.451,"2,524.735",809.465
,PM < 2.5 micron,576.451,"2,524.735",809.465
Elk River Landfill,Nitrogen Oxides,52.87,231.56,231.56
,Sulfur Dioxide,3.788,16.612,16.612
,Carbon Monoxide,125.106,547.934,547.934
,PM < 10 micron,41.753,112.335,112.335
,PM < 2.5 micron,18.218,72.767,72.767
Elkay Wood Products,PM < 10 micron,5.14,"2,253",22.53
,PM < 2.5 micron,5.094000000,,22.32
Endres Processing LLC & Endres Farms,Nitrogen Oxides,346.78,"1,519.1","1,519.1"
,Sulfur Dioxide,"1,171.606","10,255.626","5,131.126"
,Carbon Monoxide,161.62,"1,417.1",707.45
,PM < 10 micron,11.706,584.82,50.469
,PM < 2.5 micron,9.2821,510.5,40.9855
Enviro-Chem Inc - Plant 1,Nitrogen Oxides,3.87,16.74,16.74
,Sulfur Dioxide,0.5586,2.5182,2.5182
,Carbon Monoxide,3.312,29.1,12.72
,PM < 10 micron,3.26,209.73,14.28
Essar Steel Minnesota LLC,Nitrogen Oxides,425.4,"3,965.13",871.73
,Sulfur Dioxide,124.50803,444.48438,444.48438
,Carbon Monoxide,571.316,"16,014.17","1,949.87"
,PM < 10 micron,344.7846,"51,847.11","1,210.46"
,PM < 2.5 micron,122.3846,"17,268.103",477.863
,Hydrogen Sulfide (H2S),8.3,30.75,30.75
Ethanol 2000 LLP dba POET Biorefining Bingham Lake,Nitrogen Oxides,1.75,7.67,7.67
,Sulfur Dioxide,0.14,0.58,0.58
,Carbon Monoxide,0.75,3.27,3.27
,PM < 10 micron,30.16,303.59,50.01
,PM < 2.5 micron,28.11,202.31,41.03
Fairmont Energy Station,Nitrogen Oxides,496.68,"2,739.6",
,Sulfur Dioxide,0.59,2.576,
,Carbon Monoxide,393.74,"2,596.38",
,PM < 10 micron,21.76,95.292,
,PM < 2.5 micron,21.54,94.332,
Faribault Energy Park,Nitrogen Oxides,412.37,"1,574.53",339.91
,Sulfur Dioxide,107.64,467.6,0
,Carbon Monoxide,"1,344.64","5,836.21","1,117.79"
,PM < 10 micron,59.5,256.52,144.36
Federal-Mogul Corp Powertrain Systems,Nitrogen Oxides,18.5348,81.177,81.177
,Sulfur Dioxide,1.1788634,5.178304,5.178304
,Carbon Monoxide,2.77482,12.1445,12.1445
,PM < 10 micron,212.488234,930.506762000,98.8231762
,PM < 2.5 micron,56.23124,246.308866,41.968866
Fergus Control Centers,Nitrogen Oxides,56.45,247.25,14.109
,Sulfur Dioxide,0.86838,3.8017,0.2200956
,Carbon Monoxide,17.033,74.6,4.255
,PM < 10 micron,0.991,4.34,0.25154
,PM < 2.5 micron,0.962,4.22,0.24154
FilmTec Corp,Nitrogen Oxides,11.434,50.088,50.088
,Sulfur Dioxide,0.0543,0.2424,0.2424
,Carbon Monoxide,7.8,34.171,34.171
,PM < 10 micron,1.383,6.055,6.055
,PM < 2.5 micron,1.383,6.055,6.055
FLEXcon Co Inc,Nitrogen Oxides,0.0762,0.334,0.334
,Sulfur Dioxide,0.0005,0.002,0.002
,Carbon Monoxide,0.064,0.28,0.28
,PM < 10 micron,0.0058,0.025,0.025
,PM < 2.5 micron,0.0058,0.025,0.025
Flint Hills Resources Pine Bend Refinery,Nitrogen Oxides,"5,546.014","24,500.6102","7,228.4702"
,Sulfur Dioxide,"18,659.175232","81,531.05739","7,326.70739"
,Carbon Monoxide,"3,721.566","16,156.5602","3,428.7602"
,PM < 10 micron,206.4021,902.0416,606.0676
,PM < 2.5 micron,"1,123.880846","4,892.42889","1,814.23889"
,Hydrogen Sulfide (H2S),124.8571,57.3157,57.3157
Flint Hills Resources Shakopee LLC - Shakopee Facility,Nitrogen Oxides,3.423,15.01,15.01
,Sulfur Dioxide,0.0144,0.0624,0.0624
,Carbon Monoxide,1.982,8.66,8.66
,PM < 10 micron,16.0097,159.658,70.0696
,PM < 2.5 micron,13.8397,150.148,60.5596
Foldcraft Co - Kenyon,Nitrogen Oxides,5.03,22.053,22.09
,Sulfur Dioxide,0.1902,0.8449,0.8455
,Carbon Monoxide,5.844,25.632,25.632
,PM < 10 micron,114.4906,"1,666.398",83.798
,PM < 2.5 micron,114.4905,"1,666.686",84.086
G&K Services - Minneapolis Industrial,Nitrogen Oxides,11.82,51.88,33.04
,Sulfur Dioxide,40.856,179,24.48
,Carbon Monoxide,4,17.52,17.52
,PM < 10 micron,2.568,11.28,11.28
GAF Materials Corp,PM < 10 micron,7.99,,
GE Osmonics Inc,Nitrogen Oxides,32.13,140.68,140.68
,Sulfur Dioxide,3.860882,16.9239,16.9239
,Carbon Monoxide,5.39,45.97,23.53
,PM < 10 micron,36.14,601.81,57.85
,PM < 2.5 micron,36.11,601.63,57.67
Geotek,PM < 10 micron,23.6747,455.58,103.5715
,PM < 2.5 micron,23.6747,455.6,103.5715
Gerdau Ameristeel US Inc - Saint Paul Mill,Nitrogen Oxides,37.47,,164.07
,Sulfur Dioxide,94.22,,412.58
,Carbon Monoxide,16.14,,70.67
,PM < 10 micron,95.616,,376.852
Glacial Plains Cooperative,Nitrogen Oxides,0.35,1.53,1.53
,Sulfur Dioxide,0,0.009,0.009
,Carbon Monoxide,0.29,1.28,1.28
,PM < 10 micron,3.32,14.53,14.53
Glencoe Light & Power Commission,Nitrogen Oxides,"1,360.27","5,957.96",2.04
,Sulfur Dioxide,142.86,625.63,25.56
,Carbon Monoxide,319.18,"1,398.01",56.73
,PM < 10 micron,36.07,157.98,6.61
,PM < 2.5 micron,36.07,157.98,6.61
Gopher Resource,Nitrogen Oxides,197.51,830.83,162.14
,Sulfur Dioxide,281.8594,"23,852.649","1,188.269"
,Carbon Monoxide,56.92,"2,992.21",97.75
,PM < 10 micron,32.86678,"23,837.0296",94.5686
,PM < 2.5 micron,32.86458,"23,813.3292",94.5658
Grand Marais Public Utilities Commission,Nitrogen Oxides,137.9,603.94,93
,Sulfur Dioxide,11.13,48.81,7.51
,Carbon Monoxide,7.87,34.48,5.31
,PM < 10 micron,0.77,3.42,0.54
Granite Falls Energy LLC,Nitrogen Oxides,25.83,148.16,109.76
,Sulfur Dioxide,1.87,8.8,6.26
,Carbon Monoxide,21.13,92.59,84.31
,PM < 10 micron,26.77,"4,403.53",113.855
,PM < 2.5 micron,24.26,"1,375.99",72.197
Great Lakes Gas Transmission - Station 1,Nitrogen Oxides,629.87,"2,758.9","2,742.9"
,Sulfur Dioxide,0,0,0
,Carbon Monoxide,100.71,441.13,429.23
,PM < 10 micron,0.0246,0.1065,0.1065
Great Lakes Gas Transmission - Station 2,Nitrogen Oxides,93.1,407.81,407.81
,Sulfur Dioxide,0,0,0
,Carbon Monoxide,196.75,861.77,861.77
,PM < 10 micron,0.102,0.451,0.451
Great Lakes Gas Transmission - Station 3,Nitrogen Oxides,302.18,"1,323.8","1,242.9"
,Sulfur Dioxide,2.04882,8.9724,8.960706
,Carbon Monoxide,96.722,423.66,417.38
,PM < 10 micron,3.9704,17.3916,17.4
,PM < 2.5 micron,3.9704,17.3916,17.4
Great River Energy,Nitrogen Oxides,946,"7,427.59","1,196.84"
,Sulfur Dioxide,43.68,"3,299.87",150.12
,Carbon Monoxide,"3,950.58","18,429.79",690.15
,PM < 10 micron,160.1388,"55,065.9978",158.575469
,PM < 2.5 micron,21.7088,"54,457.3805",83.43312
Great River Energy - Cambridge,Nitrogen Oxides,510.21,"2,232.89",0
,Sulfur Dioxide,181.61896,810.498566,0.065
,Carbon Monoxide,70.528349119,308.9299,0.145
,PM < 10 micron,18.2235949,79.797345870,0.055
,PM < 2.5 micron,5.32236,24.1973,0.0055
Great River Energy - Lakefield Junction Station,Nitrogen Oxides,"1,192.4",753.9,753.9
,Sulfur Dioxide,337.1,235.71,235.71
,Carbon Monoxide,374.8,"1,180.7","1,180.7"
,PM < 10 micron,157.9,231.4,231.4
,PM < 2.5 micron,157.9,231.4,231.4
Great River Energy - Maple Lake,Nitrogen Oxides,319.7,"1,400.3","1,400"
,Sulfur Dioxide,18.35,80.36,80.36
,Carbon Monoxide,1.2,5.25,5.25
,PM < 10 micron,4.36,19.1,19.1
,PM < 2.5 micron,4.02,17.62,17.62
Great River Energy - Pleasant Valley,Nitrogen Oxides,"2,155.33","8,334.2",490.45
,Sulfur Dioxide,561.91,"2,171.99",131.91
,Carbon Monoxide,618.07,"2,393.9",490.11
,PM < 10 micron,83.54,335.59,28.09
,PM < 2.5 micron,83.54,335.59,28.09
Great River Energy - Rock Lake,Nitrogen Oxides,319.7,"1,400.3","1,400.3"
,Sulfur Dioxide,181.7,80.36,80.36
,Carbon Monoxide,1.2,5.25,5.25
,PM < 10 micron,4.36,19.1,19.1
,PM < 2.5 micron,4.02,17.62,17.62
Great River Energy - Saint Bonifacius,Nitrogen Oxides,703.41,"3,081.62",1.98
,Sulfur Dioxide,44.05,192.95,192.58
,Carbon Monoxide,4.58,20.06,13.03
,PM < 10 micron,11,48.18,45.86
,PM < 2.5 micron,11,48.26,45.94
Grede LLC - Saint Cloud,Nitrogen Oxides,40.659,178.212,106.616
,Sulfur Dioxide,1.919452,13.967765,9.105898
,Carbon Monoxide,16.768,75.453,49.883
,PM < 10 micron,40.6351,"10,485.276",180.85382
,PM < 2.5 micron,34.406618,"7,184.986",154.46236
Green Plains Fairmont LLC,Nitrogen Oxides,31.934,138.041,94.601
,Sulfur Dioxide,15.00012,65.70003,65.70003
,Carbon Monoxide,27.04,"1,824.231",92.291
,PM < 10 micron,12.0506,678.5884,50.0084
,PM < 2.5 micron,6.9128,0.0004,30.2844
Green Plains Otter Tail LLC,Nitrogen Oxides,50.44,219.05,94.95
,Sulfur Dioxide,3.121,13.7,13.6
,Carbon Monoxide,24.73,103.46,94.631
,PM < 10 micron,16.54,65.49,71.66
,PM < 2.5 micron,14.282,63.61,61.56
Guardian Energy LLC,Nitrogen Oxides,55.63,236.05,195.32
,Sulfur Dioxide,20.88,91.46,88.73
,Carbon Monoxide,32.63,688.79,125.1
,PM < 10 micron,18.04,983.6,76.15
,PM < 2.5 micron,16.6,802.02,69.85
Halcon Corp,Nitrogen Oxides,5.008,21.932,21.932
,Sulfur Dioxide,0.032,0.132,0.132
,Carbon Monoxide,1.052,4.608,4.608
,PM < 10 micron,12.01,120.182,49.002
Hard Chrome Inc,Nitrogen Oxides,5.3158,23.268,23.268
,Sulfur Dioxide,0.029,0.13,0.1236
,Carbon Monoxide,2.09,9.152,9.152
,PM < 10 micron,1.83842,13.087226,8.944856
,PM < 2.5 micron,1.83922,13.087226,8.838936
Heartland Corn Products,Nitrogen Oxides,94.734,401.0373,374.5233
,Sulfur Dioxide,22.41,98.116,93.3411
,Carbon Monoxide,103.72,"3,269.76",399.7475
,PM < 10 micron,44.304,866.628,178.34659
,PM < 2.5 micron,42.144,859.084,170.89259
Hedstrom Lumber Co Inc,Nitrogen Oxides,23.65,103.586,95.583
,Sulfur Dioxide,2.689,11.77075,10.861
,Carbon Monoxide,64.5,282.552,260.682
,PM < 10 micron,520.6787674,"3,015.4447",216.7286
Hennepin County Energy Center,Nitrogen Oxides,105.581,417.18,10.22
,Sulfur Dioxide,56.38,951.802,0.672
,Carbon Monoxide,45.04,160.96,2.2
,PM < 10 micron,7.5331,65.17,0.72
Heron Lake BioEnergy LLC,Nitrogen Oxides,37.464,163.57,106.54
,Sulfur Dioxide,16.6,72.69,67.77
,Carbon Monoxide,61.02,"5,173.27",173.27
,PM < 10 micron,14.755,"2,229.459",59.386
,PM < 2.5 micron,13.987,"2,226.109",57.115
Hibbing Public Utilities Commission,Nitrogen Oxides,849.058,"3,636.978","3,636.978"
,Sulfur Dioxide,"1,247.04118","12,364.92","5,448.24"
,Carbon Monoxide,939.52,"3,794.98","3,794.98"
,PM < 10 micron,152.4556,"4,859.15744",653.93844
,PM < 2.5 micron,53.92245,"1,956.401127",221.881127
Hibbing Taconite Co,PM < 10 micron,0,,0.6
Highwater Ethanol LLC,Nitrogen Oxides,27.37,119.9,98.01
,Sulfur Dioxide,20.627,90.3488,87.7704
,Carbon Monoxide,24.64,"1,854.95",95.87
,PM < 10 micron,18.9,"4,100.63",41.52
,PM < 2.5 micron,15.252,"3,978.21",36.18
Hill Wood Products Inc,Nitrogen Oxides,66.57,291.44,211.29
,Sulfur Dioxide,5.68,24.54,19.24
,Carbon Monoxide,167.98,735.92,718.64
,PM < 10 micron,355.783,"1,558.45",446.5888
,PM < 2.5 micron,297.142,"1,301.64",428.0788
Hoffman Enclosure Inc/Pentair Equipment Protection,Nitrogen Oxides,26.764,56.5635,56.5635
,Sulfur Dioxide,0.505024,0.440069,0.440069
,Carbon Monoxide,25.72,48.2825,48.2825
,PM < 10 micron,1.454,4.2085,4.2085
,PM < 2.5 micron,1.454,4.2085,4.2085
Hometown BioEnergy,Nitrogen Oxides,26.3417585,115.37732887,103.54219599
,Sulfur Dioxide,40.513681967,177.470967016,16.362041416
,Carbon Monoxide,110.47304786,483.870195082,174.190883882
,PM < 10 micron,1.575294251,9.689420501,8.991312613
,PM < 2.5 micron,1.575301491,7.489420341,6.791312613
Hood Packaging Corp - Arden Hills,Nitrogen Oxides,1.23,5.41,
,Sulfur Dioxide,0.0076,0.032,
,Carbon Monoxide,1.04,4.54,
,PM < 10 micron,0.097,0.41,
,PM < 2.5 micron,0.097,0.41,
Hormel Foods Corporation - Austin Plant,Nitrogen Oxides,21.997,96.304000000,83.6074
,Sulfur Dioxide,0.203234,0.889440000,0.886319000
,Carbon Monoxide,115.557,228.027,258.727
,PM < 10 micron,"7,832.7477","34,266.9559",643.408740000
,PM < 2.5 micron,280.4257,"1,225.0059",643.347140000
Hutchinson Utilities Commission - Plant 1,Nitrogen Oxides,595.45,"2,953.6222",502.2422
,Sulfur Dioxide,1.9124,8.42889,3.44369
,Carbon Monoxide,280.3,"1,861.254943",409.876943
,PM < 10 micron,19.28,84.161511,44.031511
,PM < 2.5 micron,19.01,82.981511,43.951511
Hutchinson Utilities Commission -Plant 2,Nitrogen Oxides,230.65,"2,480.69",0
,Sulfur Dioxide,6.02,26.32,26.32
,Carbon Monoxide,53.83,638.31,0
,PM < 10 micron,11.75,51.29,51.29
,PM < 2.5 micron,11.75,51.29,51.29
IBM - Rochester,Nitrogen Oxides,154.1256,334.7646,0
,Sulfur Dioxide,60.3244,235.8828,0
,Carbon Monoxide,56.2984,151.7341,0
,PM < 10 micron,9.5937,19.2188,0
,PM < 2.5 micron,2.173,9.5152,0
Imperial Plastics Inc,Nitrogen Oxides,1.8762,8.221,8.221
,Sulfur Dioxide,0.013881,0.06072,0.06072
,Carbon Monoxide,1.412,6.181,6.181
,PM < 10 micron,"1,449.36684","6,330.7315",0.7315
,PM < 2.5 micron,"1,449.35984","6,330.7005",0.7005
Industrial Finishing Services Inc - Perham,Nitrogen Oxides,9.8397,42.8955,42.8955
,Sulfur Dioxide,0.0644,0.2579,0.2579
,Carbon Monoxide,8.208,36.0063,36.0063
,PM < 10 micron,821.6656,"23,972.0511",3.8771
,PM < 2.5 micron,821.6656,"23,972.0511",3.8771
Industrial Painting Specialist,Nitrogen Oxides,3.1537568,13.815745184,13.815745184
,Sulfur Dioxide,0.011772278,0.051617578,0.051617578
,Carbon Monoxide,1.64911892,7.222460870,7.222460870
,PM < 10 micron,"5,039.798429836","22,061.634144682",333.363244682
Innovent Air Handling Equipment LLC,Nitrogen Oxides,0.693,3.07,3.07
,Sulfur Dioxide,0.00421,0.0183,0.0183
,Carbon Monoxide,0.593,2.58,2.58
,PM < 10 micron,3.00338,57.874,17.514
,PM < 2.5 micron,3.00338,57.874,17.514
International Bildrite Inc,Nitrogen Oxides,5.985,26.21,26.21
,Sulfur Dioxide,0.118,0.502,0.502
,Carbon Monoxide,5.086,22.318,22.318
,PM < 10 micron,55.259,241.957,106.237
,PM < 2.5 micron,55.15278,241.4874,105.7674
Interplastic Corp - Minneapolis Plant,Nitrogen Oxides,,13.47,13.47
,Sulfur Dioxide,,0.051,0.051
,Carbon Monoxide,,0,0
,PM < 10 micron,,0.633,0.633
Interstate Power & Light - Fox Lake,Nitrogen Oxides,848.54,"3,716.59","2,542.96"
,Sulfur Dioxide,"1,076.06","4,713.21","4,084.75"
,Carbon Monoxide,64.39,281.98,264.1
,PM < 10 micron,69.724,318.44,285.58
,PM < 2.5 micron,69.6,304.84,285.18
Intex Corp,Nitrogen Oxides,202.83,888.47,0
,Sulfur Dioxide,30.84,135.12,0
,Carbon Monoxide,46.05,201.67,0
,PM < 10 micron,7.31,31.88,0
,PM < 2.5 micron,7.28,31.88,
Invenergy Cannon Falls LLC,Nitrogen Oxides,"2,117.03","8,434.01",6.222
,Sulfur Dioxide,594.3856,"2,395.67",176.4283
,Carbon Monoxide,"1,273.01","1,738.42",3.72798
,PM < 10 micron,204.09,893.81,243.76218
Jarden Home Brands,Nitrogen Oxides,14.08,61.68,61.68
,Sulfur Dioxide,1.6,7.04,7.04
,Carbon Monoxide,43.581,190.907,94.862
,PM < 10 micron,21.1,665.18,92
,PM < 2.5 micron,15.44,384.09,67.5
Jordan Sands LLC,Nitrogen Oxides,11.03,40.6,31.85
,Sulfur Dioxide,1.06,4.66,1.69
,Carbon Monoxide,6.96,38.19,22.35
,PM < 10 micron,43.26,"1,104.867",107
,PM < 2.5 micron,15.86,307.92,57.38
Joy Global Surface Mining Inc,PM < 10 micron,529.95,"4,760.2",48.13
,PM < 2.5 micron,527.33,"4,759.67",47.6
Kerry Ingredients & Flavours,Nitrogen Oxides,0,0,0
,Sulfur Dioxide,0,0,0
,Carbon Monoxide,0,0,0
,PM < 10 micron,0,0,0
,PM < 2.5 micron,0,0,0
Koda Energy LLC,Nitrogen Oxides,462.3,"3,968.52","2,024.76"
,Sulfur Dioxide,129.6,"1,956.6",567.66
,Carbon Monoxide,795.12,"4,859.4","3,482.58"
,PM < 10 micron,81.34844,"20,559.781",355.36926
,PM < 2.5 micron,80.846314,"17,994.19686",353.91531
Kraemer Mining & Materials - Burnsville,Nitrogen Oxides,59.375,260.04,94.39
,Sulfur Dioxide,6.554,28.71,15.45
,Carbon Monoxide,29.355,128.58,92.57
,PM < 10 micron,3.134,13.73,2.91
Lamb Weston/RDO Frozen,Nitrogen Oxides,39.5,173.73,0
,Sulfur Dioxide,54.7171,239.435,0.075
,Carbon Monoxide,30.88,553.95,0
,PM < 10 micron,79.035,987.56,325.9
,PM < 2.5 micron,78.035,982.97,325.9
Larson Boats LLC,Nitrogen Oxides,10.866,47.602,38.448
,Sulfur Dioxide,1.1182,4.8657,4.3739
,Carbon Monoxide,6.418,28.095,22.303
,PM < 10 micron,"2,561.932200000","28,039.088200000",2.0782
,PM < 2.5 micron,"2,562.904200000","28,039.088200000",2.0786
Le Sueur Inc,Nitrogen Oxides,0,0,0
,Sulfur Dioxide,0,0,0
,Carbon Monoxide,0,0,0
,PM < 10 micron,427.06,"1,870.42",130.92
,PM < 2.5 micron,427.06,"1,870.42",130.92
Liberty Paper Inc,Nitrogen Oxides,0.673,297.27,17.15
,Sulfur Dioxide,10.10128,92.80561,46.73561
,Carbon Monoxide,2.679,"4,371.785",221.465
,PM < 10 micron,0.0666,22.812,1.382
,PM < 2.5 micron,0.2124,22.812,1.382
,Hydrogen Sulfide (H2S),0.168,0.738,0.049
Litchfield city of,Nitrogen Oxides,391.544,"1,714.37",1.37
,Sulfur Dioxide,0.27153,1.18944,0.00824
,Carbon Monoxide,43.224,189.3062,1.15
,PM < 10 micron,5.5058,24.114,0.104
,PM < 2.5 micron,5.5058,24.114,0.104
Louisiana-Pacific Corp - Two Harbors,Nitrogen Oxides,60.086,281.55,263.17
,Sulfur Dioxide,2.5967,11.27,11.27
,Carbon Monoxide,90.31,816.37,396.01
,PM < 10 micron,847.206,"10,389.67",445.59
LSC Communications - Long Prairie,Nitrogen Oxides,18.142,99.96,
,Sulfur Dioxide,0.1367,0.5998,
,Carbon Monoxide,19.171,83.98,
,PM < 10 micron,1.732,7.593,
LSP Cottage Grove Cogeneration Facility,Nitrogen Oxides,207.52,"9,245.25",252.07
,Sulfur Dioxide,94.0425,"1,871.761",55.441
,Carbon Monoxide,72.52,"6,048.18",0
,PM < 10 micron,87.91,602.87,141.74
,PM < 2.5 micron,84.31,586.37,141.74
Mag Mining LLC - Plant 4,PM < 10 micron,306.502947,"1,364.725429","1,364.651429"
,PM < 2.5 micron,31.858862,145.124629,145.115629
Magellan Pipeline Co LP - Mankato,Nitrogen Oxides,1.68,7.38,7.38
,Carbon Monoxide,4.2,18.44,18.44
Magellan Pipeline Co LP - Marshall,Nitrogen Oxides,43.748,191.612,187.2
,Sulfur Dioxide,0.232,1.02,0.94
,Carbon Monoxide,11.148,48.83,75.2
,PM < 10 micron,0.7,3.066,2.8
Magellan Pipeline Co LP - Rochester,Nitrogen Oxides,1.75,,7.668
,Carbon Monoxide,4.378,,19.172
Magellan Pipeline Co LP - Saint Paul Terminal,Nitrogen Oxides,12.824,56.176,56.176
,Carbon Monoxide,32.064,140.44,140.44
Magellan Pipeline Pump Station,Nitrogen Oxides,1.738,7.612,7.612
,Carbon Monoxide,4.344,19.028,19.028
Magellan Pipeline Terminal,Nitrogen Oxides,4.81,0,21.066
,Carbon Monoxide,12.024,0,52.666
Magnetation LLC - Plant 2,PM < 10 micron,28.307,808.762,102.552
,PM < 2.5 micron,6.1721,95.581,21.871
Malteurop North America Inc - Winona,Nitrogen Oxides,15.04,65.92,65.92
,Sulfur Dioxide,0.08,0.24,0.24
,Carbon Monoxide,8.08,35.52,35.52
,PM < 10 micron,6.962,336.52,30.51
,PM < 2.5 micron,2.2264,59.589,9.706
Mankato Energy Center LLC,Nitrogen Oxides,119.13,"2,898.209",365.049
,Sulfur Dioxide,109.06169,455.97339,98.89339
,Carbon Monoxide,76.18,"2,474.464","1,284.444"
,PM < 10 micron,86.49,377.844,178.324
,PM < 2.5 micron,85.87484,375.1652,175.6452
Martin Marietta Materials - Saint Cloud Quarry,Nitrogen Oxides,11.42,50.03,
,Sulfur Dioxide,0.75,3.29,
,Carbon Monoxide,2.46,10.78,
,PM < 10 micron,230.84,"1,673.49",128.62
,PM < 2.5 micron,216,"1,548.94",18.08
Marvin Windows & Doors,Nitrogen Oxides,413.68,"1,812.22",695.41
,Sulfur Dioxide,23.04794,101.1716,38.2116
,Carbon Monoxide,195.188,854.63,724.96
,PM < 10 micron,179.7768,"7,889.931700000",235.792
,PM < 2.5 micron,172.7568,"7,859.112700000",233.392
Mayo Clinic Hospital - Rochester,Nitrogen Oxides,254.04,"1,112.73",25.46
,Sulfur Dioxide,337.22,"1,477.015",0.15
,Carbon Monoxide,104.95,459.7,3.86
,PM < 10 micron,11.06,48.32,1.7
,PM < 2.5 micron,8.1,35.45,1.7
Mayo Medical Center Rochester,Nitrogen Oxides,817.95,"3,025.15","1,147.8"
,Sulfur Dioxide,"1,508.28","6,470.449","6,400.77"
,Carbon Monoxide,220.67,679.398,299.32
,PM < 10 micron,92.16,609.174,582.39
Mayo Waste Management Facility,Nitrogen Oxides,30.6,89.744,89.744
,Sulfur Dioxide,1.66,4.304,4.304
,Carbon Monoxide,8.65,28.392,28.392
,PM < 10 micron,27.08,115.283,5.033
,PM < 2.5 micron,1.29,112.69,2.44
McLaughlin Gormley King Co - Chaska,Nitrogen Oxides,6.32,27.4,27.4
,Carbon Monoxide,1.3,5.8,5.8
,PM < 10 micron,1.87,8,8
ME Global Inc,Nitrogen Oxides,26.75,80.724,87.584
,Sulfur Dioxide,5.86,18.486,20.628
,Carbon Monoxide,7.66,31.11,29.01
,PM < 10 micron,88.874,"1,056.136",57.879
,PM < 2.5 micron,0.012,517.181,28.353
Mesabi Nugget Delaware LLC,Nitrogen Oxides,872.891411764,"3,911.736117728","3,766.505532528"
,Sulfur Dioxide,"3,800.24299294","16,646.783273484","1,665.593048484"
,Carbon Monoxide,"77,735.159411764","340,486.508179728","1,733.513455328"
,PM < 10 micron,"16,711.893792","73,252.7926088","1,806.416999548"
,PM < 2.5 micron,393.74,4.8,"1,733.49"
Met Council - Seneca WWTP,Nitrogen Oxides,165.12,723.2,
,Sulfur Dioxide,537.6,"2,354.72",
,Carbon Monoxide,"1,385.1","6,066.7",
,PM < 10 micron,13.0674,583.8,121.32
,PM < 2.5 micron,13.0674,583.76,121.32
Met Council Metropolitan WWTP,Nitrogen Oxides,624.02,"1,779.28","1,121.38"
,Sulfur Dioxide,188.87,676.06,196.91
,Carbon Monoxide,242.56,816.85,626.39
,PM < 10 micron,21.65,"24,694.06",167.89
,PM < 2.5 micron,60.824,30.63246,167.89
,Hydrogen Sulfide (H2S),3.16,58.590000000,4.95
Metro Transit - Light Rail O&M Facility,Nitrogen Oxides,11.85,13.22,2.34
,Sulfur Dioxide,0.00115,0.060287,0.000287
,Carbon Monoxide,3.17,9.39,0.27
,PM < 10 micron,4.053,563.8649,1.0549
,PM < 2.5 micron,4.059,563.8649,1.0549
Mid Continent Cabinetry,Nitrogen Oxides,1.576,6.904,0
,Sulfur Dioxide,0.0093,0.042,0
,Carbon Monoxide,1.324,5.799,0
,PM < 10 micron,231.959,"3,909.295",12.092
Miller Milling Co LLC,Nitrogen Oxides,2.21,9.66,9.66
,Sulfur Dioxide,0.01259,0.062,0.062
,Carbon Monoxide,1.85,8.11,8.11
,PM < 10 micron,536.54,"192,101.1","2,311.67"
,PM < 2.5 micron,521.3006,"32,656.21912","2,283.376"
Minneapolis Star-Tribune Heritage Building,Nitrogen Oxides,5.712,25.02,25.02
,Sulfur Dioxide,0.001,0.004,0.004
,Carbon Monoxide,0.722,3.164,3.164
,PM < 10 micron,0.287,147.074,0.074
Minnesota Diversified Products Inc,Nitrogen Oxides,37.042,162.56,0
,Sulfur Dioxide,7.776,34.073,0
,Carbon Monoxide,13.879,60.76,16.68
,PM < 10 micron,8.216,35.982,0
,PM < 2.5 micron,8.19,35.882,0
Minnesota Diversified Products Inc -West,Nitrogen Oxides,1.221,5.348,5.348
,Sulfur Dioxide,0.028,0.123,0.123
,Carbon Monoxide,0.704,3.085,3.085
,PM < 10 micron,0.066,0.288,0.288
,PM < 2.5 micron,0.066,0.288,0.288
Minnesota Power - Hibbard Renewable Energy Ctr,Nitrogen Oxides,"2,370.33","11,749.95","10,402.69"
,Sulfur Dioxide,"4,624.08","30,147.09","20,269.07"
,Carbon Monoxide,"1,633.68","7,221.22","7,155.52"
,PM < 10 micron,115.65,"11,485.6",506.52
Minnesota Power - Laskin Energy Center,Nitrogen Oxides,792,"3,468.9","1,144.74"
,Sulfur Dioxide,"1,348.74",10.2,3.36
,Carbon Monoxide,465.9,"2,040.54",764.28
,PM < 10 micron,67.19,294.27,207.69
,PM < 2.5 micron,29.52,129.24,42.66
Minnesota Power - Taconite Harbor Energy Center,Nitrogen Oxides,"4,651.654","62,508.7018","20,194.2292"
,Sulfur Dioxide,"10,575.38048","93,494.809646","37,843.208945"
,Carbon Monoxide,860.01,"3,764.28","3,713.85"
,PM < 10 micron,"1,047.31997","405,446.33891","4,251.01391"
,PM < 2.5 micron,907.54324,"325,025.79542","3,876.11042"
,Nitrogen Dioxide,101.487147,445.008037,444.820337
Minnesota Power Inc - Boswell Energy Ctr,Nitrogen Oxides,"21,981.446","106,894.95","55,249.51"
,Sulfur Dioxide,"58,924.69411","602,154.85603","100,471.55603"
,Carbon Monoxide,"234,141.009","49,041.1975","49,044.1475"
,PM < 10 micron,"7,988.8575","4,934,261.654","12,221.385"
,PM < 2.5 micron,"3,168.4885","458,508.02","4,747.302"
,Hydrogen Sulfide (H2S),41.58,182.28,182.28
Minnesota Soybean Processors - Brewster,Nitrogen Oxides,133.952,254.3729,158.0129
,Sulfur Dioxide,26.000157,83.4500391,46.5700391
,Carbon Monoxide,50.335,136.679,136.679
,PM < 10 micron,737.543,"14,948.20129",156.36129
,PM < 2.5 micron,36.675,"9,075.14129",118.22129
Minnesota Valley Alfalfa Producers-MnVAP,Nitrogen Oxides,21.53,94.31,94.31
,Sulfur Dioxide,0.11,0.5,0.5
,Carbon Monoxide,3.6,15.77,15.77
,PM < 10 micron,186.359,815.952,399.772
,PM < 2.5 micron,187.82,822.45,398.99
MMPA - Minnesota River Station,Nitrogen Oxides,71.09,311.4,240
,Sulfur Dioxide,220,964,240
,Carbon Monoxide,43.3,189,69.2
,PM < 10 micron,5.01,22,15.2
,PM < 2.5 micron,5.01,22,15.2
MOM Brands,Nitrogen Oxides,49.914,146.92,0
,Sulfur Dioxide,1.372338,0.82663,0
,Carbon Monoxide,44.11,127.67,0
,PM < 10 micron,37.70107,156.9953,0.94
,PM < 2.5 micron,37.51307,161.9999,0.37
Multek Flexible Circuits Inc,Nitrogen Oxides,29.43,24.18,24.18
,Sulfur Dioxide,0.02922,0.1082,0.1082
,Carbon Monoxide,6.506,15.747,15.747
,PM < 10 micron,91.067152,398.79269,62.91269
,PM < 2.5 micron,91.06744,398.78469,62.90469
Nahan Printing Inc - St Cloud,Nitrogen Oxides,14.1,61.8,61.8
,Sulfur Dioxide,0.00204,0.009,0.009
,Carbon Monoxide,12.9,56.4,56.4
,PM < 10 micron,6.268,27.34,27.34
New Flyer of America Inc - St Cloud,Nitrogen Oxides,28.492,60.76,60.76
,Sulfur Dioxide,1.10796,0.6012,0.6012
,Carbon Monoxide,14.256,48.64,48.64
,PM < 10 micron,56.31,"2,950.6",241.81
,PM < 2.5 micron,56.31,"2,950.6",241.81
New Page - Duluth Paper Mill,Nitrogen Oxides,0.4,1.752,1.752
,Sulfur Dioxide,0.002,0.01,0.01
,Carbon Monoxide,0.336,1.47,1.47
,PM < 10 micron,57.2,163.173,163.173
,PM < 2.5 micron,22.65,78.733,78.733
,Hydrogen Sulfide (H2S),4,17.5,17.5
New Ulm Public Utilities - Municipal Power,Nitrogen Oxides,462.68,"2,018.73","1,700.14"
,Sulfur Dioxide,310.43,"1,307.39",820
,Carbon Monoxide,64.74,282.87,272.85
,PM < 10 micron,11.19,61.59,31.42
,PM < 2.5 micron,11.13,61.59,31.42
Newport Terminal Corp,Nitrogen Oxides,9.86,23.24,22.26
,Sulfur Dioxide,2.89,3.742,3.200295
,Carbon Monoxide,12.998,54.919,54.8215
,PM < 10 micron,0.1316,0.2439,0.22758
,PM < 2.5 micron,0.0796,0.0199,0.00358
Nico Products Inc,Nitrogen Oxides,2.2824,9.998,9.998
,Sulfur Dioxide,0.011258,0.049312,0.049312
,Carbon Monoxide,1.5769,6.9076,6.9076
,PM < 10 micron,0.74103453,3.2445177,3.2445177
,PM < 2.5 micron,0.74103453,3.2445177,3.2445177
Norbord Minnesota,Nitrogen Oxides,44.8,,196
,Sulfur Dioxide,16.54,,72.4
,Carbon Monoxide,41.4,,182
,PM < 10 micron,46.131,,202.1
,PM < 2.5 micron,31.37,,137.4
Northern Border Pipeline - Compressor 12,Nitrogen Oxides,92.12,239.53,239.53
,Sulfur Dioxide,2.10204,9.300116,9.300116
,Carbon Monoxide,23.5,98.27,98.27
,PM < 10 micron,2.13,9.3,9.3
Northern Border Pipeline - Compressor 13,Nitrogen Oxides,64.4,344.72,242.72
,Sulfur Dioxide,2.15282,9.420706,9.420706
,Carbon Monoxide,40.26,102.57,102.57
,PM < 10 micron,2.2532,9.4733,9.4733
Northern Engraving Corp,Nitrogen Oxides,12.07723,54.2725,40.9342
,Sulfur Dioxide,0.797976,5.385880000,4.73195
,Carbon Monoxide,21.8227,94.974100000,24.565
,PM < 10 micron,20.511134,85.8212,28.94456
,PM < 2.5 micron,20.5122915,85.82589,28.94456
,Nitrogen Dioxide,0.2265569,0.992349,0.059349
Northern Foundry LLC,Nitrogen Oxides,19.73,31.54,43.26
,Sulfur Dioxide,1.6065,2.25,2.78
,Carbon Monoxide,8.04,21.11,26.68
,PM < 10 micron,40.06,"2,087.78",128.67435
,PM < 2.5 micron,36.66,"1,845.53",118.9
Northern Iron of St Paul LLC,Nitrogen Oxides,5.38,23.66,15.22
,Sulfur Dioxide,1.4165,6.2368,0.0568
,Carbon Monoxide,2.45,10.75,7.95
,PM < 10 micron,428.1,"3,592.67",4.47
Northern Metal Recycling,PM < 10 micron,0.55,461.53,1.04
Northern Natural Gas - Albert Lea,Nitrogen Oxides,11.91,32.53,32.53
,Sulfur Dioxide,0.41751,1.7818,1.7818
,Carbon Monoxide,7.75,31.98,31.98
,PM < 10 micron,0.84,3.55,3.55
,PM < 2.5 micron,0.05,0.01,0.01
Northern Natural Gas Co - Carlton,Nitrogen Oxides,206.705,905.734,905.734
,Sulfur Dioxide,0.040686,0.17308,0.17308
,Carbon Monoxide,31.141,136.43,136.43
,PM < 10 micron,3.1312,13.6598,13.6598
,PM < 2.5 micron,3.1442,13.7341,13.7341
Northern Natural Gas Co - Faribault Compressor,Nitrogen Oxides,21.4,55.17,55.17
,Sulfur Dioxide,2.94,10.06,10.06
,Carbon Monoxide,17.47,65.06,65.06
,PM < 10 micron,5.92,22.31,22.31
Northern Natural Gas Co - Farmington,Nitrogen Oxides,411.89,"1,741.12","1,741.12"
,Sulfur Dioxide,0.2612,1.10941,1.10941
,Carbon Monoxide,48.74,211.24,211.24
,PM < 10 micron,2.04,6.17,6.17
,PM < 2.5 micron,1.419,6.17,6.17
Northern Natural Gas Co - Hugo,Nitrogen Oxides,7.64,25.29,25.29
,Sulfur Dioxide,0.035,0.15,0.15
,Carbon Monoxide,17.33,72.78,72.78
,PM < 10 micron,2.39,10.403,5.2
Northern Natural Gas Co - North Branch,Nitrogen Oxides,207.535,891.37,891.37
,Sulfur Dioxide,1.17301,0.4536,0.4528
,Carbon Monoxide,25.441,109.74,109.74
,PM < 10 micron,4.3154,18.931,13.931
,PM < 2.5 micron,4.3154,15.551,10.551
Northern Natural Gas Co - Owatonna,Nitrogen Oxides,21.31,54.9,54.9
,Sulfur Dioxide,2.92,10.03,10.03
,Carbon Monoxide,16.87,64.69,64.69
,PM < 10 micron,5.88,22.22,22.22
Northern Natural Gas Co - Wrenshall LNG Plant,Nitrogen Oxides,53.89758,235.9734,211.1734
,Sulfur Dioxide,5.3317422,23.3544995,23.3544995
,Carbon Monoxide,26.516,115.944,110.3163
,PM < 10 micron,2.58872,11.48938,9.74438
,PM < 2.5 micron,2.58342,11.48938,9.74438
Northland Aluminum Products Inc,Nitrogen Oxides,3.88628,9.667,8.483
,Sulfur Dioxide,0.012924,0.054536,0.050029
,Carbon Monoxide,1.903,7.7712,7.1242
,PM < 10 micron,14.38591,695.82147,23.95767
,PM < 2.5 micron,13.91591,642.46147,22.31667
Northshore Mining Co - Babbitt,Nitrogen Oxides,12.94,56.64,56.64
,Sulfur Dioxide,91.88,402.41,402.41
,Carbon Monoxide,1.41,6.21,6.21
,PM < 10 micron,546.04,"19,459.61","2,311.04"
Northshore Mining Co - Silver Bay,Nitrogen Oxides,"4,014.6","17,572.2","17,572.2"
,Sulfur Dioxide,"8,522.4","37,308","37,306.5"
,Carbon Monoxide,611.92,"2,681.8","2,681.8"
,PM < 10 micron,"1,697.39","7,779.101","7,507.287"
,PM < 2.5 micron,0.012,0.04,0.012
Northstar Ethanol LLC dba Poet Biorefining - Lake Crystal,Nitrogen Oxides,486.63386,"2,131.45193",112.72193
,Sulfur Dioxide,8.19,35.78,1.76
,Carbon Monoxide,34.28,150.08,114.45
,PM < 10 micron,29.88,501.83,81.86
,PM < 2.5 micron,16.16,114.12,22.46
NRG Energy Center Minneapolis,Nitrogen Oxides,693.43,"3,037.22",155
,Sulfur Dioxide,"3,422.44","14,990.23",24.22
,Carbon Monoxide,187.81,822.55,41.17
,PM < 10 micron,170.35,746.23,2.79
NuStar - Sauk Centre Terminal,Nitrogen Oxides,2.46,10.8,4.46
,Sulfur Dioxide,0.268,1.178,1.178
,Carbon Monoxide,6.16,27,11.06
,PM < 10 micron,0.32,1.406,1.406
,PM < 2.5 micron,0.32,1.406,1.406
Olmsted Waste-to-Energy Facility,Nitrogen Oxides,471.18,"1,202.4","1,972.9"
,Sulfur Dioxide,403.7,,460.01
,Carbon Monoxide,105.66,"1,202.76",413.21
,PM < 10 micron,34.18,,146.38
Otter Tail Power Co,Nitrogen Oxides,"2,721.3135","13,741.26","13,741.26"
,Sulfur Dioxide,"21,600.8588","94,611.77","94,610.29"
,Carbon Monoxide,"1,109.173","4,858.45","4,853.6"
,PM < 10 micron,"4,599.7396","16,758.1016","14,870.9116"
,PM < 2.5 micron,"4,592.518","16,738.24","14,839.32"
Otter Tail Power Co - Solway Plant,Nitrogen Oxides,171.1,751.76,473.42
,Sulfur Dioxide,41.224,182.13,140.521
,Carbon Monoxide,98.3,430.38,302.69
,PM < 10 micron,10.308,45.7,33.56
,PM < 2.5 micron,10.3,45.7,33.47
Owatonna Energy Station,Nitrogen Oxides,132.3,579.54,237.49
,Sulfur Dioxide,0.21,0.89,0.4006
,Carbon Monoxide,204.52,895.81,28.52
,PM < 10 micron,5.65,24.75,11.05
,PM < 2.5 micron,5.65,24.75,11.05
Owens Corning - Minneapolis Plant,Nitrogen Oxides,20.62,,55.85
,Sulfur Dioxide,63.8,,241.54
,Carbon Monoxide,34.5,,125.11
,PM < 10 micron,24.74,0,96.91
Pan-O-Gold Baking Co,Nitrogen Oxides,7.778,34.08,34.08
,Sulfur Dioxide,0.0434,0.2035,0.2035
,Carbon Monoxide,6.534,28.59,28.59
,PM < 10 micron,0.583,2.583,2.583
Park Nicollet Methodist Hospital,Nitrogen Oxides,139.48,96.12,85.53
,Sulfur Dioxide,61.116,218.054,95.544
,Carbon Monoxide,41.34,47.07,53.49
,PM < 10 micron,11.227,5.333,5.283
,PM < 2.5 micron,8.955,5.637,5.597
Perham Resource Recovery Facility,Nitrogen Oxides,394.62,584.4,"1,729.47"
,Sulfur Dioxide,58.599,771.8535,256.72
,Carbon Monoxide,54.78,335.6,240.1
,PM < 10 micron,23.3439,,102.835
,PM < 2.5 micron,23.32587,,102.7557
,Hydrogen Sulfide (H2S),0.657,,0.288
Pine Bend Energy LLC,Nitrogen Oxides,,,112.76
,Sulfur Dioxide,3.72,16.28,16.59
,Carbon Monoxide,,,157.77
,PM < 10 micron,3.9,17.08,17.42
Plasti Fab,Nitrogen Oxides,12.98,56.82,15.84
,Sulfur Dioxide,3.821,16.758,14.21
,Carbon Monoxide,15.17,66.45,98.67
,PM < 10 micron,10.825,54.862,54.862
,PM < 2.5 micron,10.806,47.378,47.378
Plato Woodwork Inc,Nitrogen Oxides,1.5294,6.6988,6.6988
,Sulfur Dioxide,0.0093,0.0402,0.0402
,Carbon Monoxide,1.2846,5.6271,5.6271
,PM < 10 micron,75.7781,"1,153.3791",111.2771
,PM < 2.5 micron,62.5781,"1,035.9191",111.2771
Plymouth Foam Inc,Nitrogen Oxides,2.16,9.49,9.49
,Sulfur Dioxide,0.251,1.094,1.094
,Carbon Monoxide,1.21,5.27,5.27
,PM < 10 micron,0.101,0.49,0.49
,PM < 2.5 micron,0.112,0.491,0.491
POET Biorefining - Preston,Nitrogen Oxides,18.98,83.13,83.13
,Sulfur Dioxide,7.983,34.78,34.78
,Carbon Monoxide,21.512,608.13,94.18
,PM < 10 micron,30.883,"2,141.714",115.714
Polaris Industries Inc - Roseau,Nitrogen Oxides,147.714,643.7,0
,Sulfur Dioxide,182.3666,32.9968,32.0088
,Carbon Monoxide,"1,836.904","8,053.18",0
,PM < 10 micron,106.6946,467.112,0
,PM < 2.5 micron,106.6946,467.104,0
Polaris Industries Inc - Wyoming,Nitrogen Oxides,20.77,91,
,Sulfur Dioxide,1.37,6.02,
,Carbon Monoxide,4.48,19.6,
,PM < 10 micron,1.47,6.46,
Polk County Solid Waste Facility,Nitrogen Oxides,50.91,223.1,337.88
,Sulfur Dioxide,19.04,166.42,69.82
,Carbon Monoxide,14.1,66.3,34.68
,PM < 10 micron,3.218,178.12,30.04
Pope/Douglas Solid Waste Management,Nitrogen Oxides,354.34,495,714
,Sulfur Dioxide,51.18,694.509,223.909
,Carbon Monoxide,43.38,276.21,190.12
,PM < 10 micron,25.94,0.11,113.55
,PM < 2.5 micron,25.94,,113.66
Potlatch Land & Lumber LLC - Bemidji,Nitrogen Oxides,75.6,331.2,331.2
,Sulfur Dioxide,6.3,27.6,27.6
,Carbon Monoxide,126,552,552
,PM < 10 micron,493.23,"1,257.32",108.65
,PM < 2.5 micron,275.38,"1,178.72",61.49
Princeton Public Utilities Commission,Nitrogen Oxides,323.62,"1,448.53",
,Sulfur Dioxide,15.68,81.67,
,Carbon Monoxide,89.04,390.1,
,PM < 10 micron,7.65,33.47,
,PM < 2.5 micron,7.41,32.42,
QG Printing III Corp,Nitrogen Oxides,63.64,277.66,277.66
,Sulfur Dioxide,0.439541,1.67903,1.67903
,Carbon Monoxide,53.36,232.9587,232.9587
,PM < 10 micron,"21,504.98","13,476.54",198.34
,PM < 2.5 micron,"21,508.90004","13,476.5876",198.3876
Quad/Graphics Holding Company,Nitrogen Oxides,12.86,56.36,56.36
,Sulfur Dioxide,0.0739,0.316,0.316
,Carbon Monoxide,10.78,47.36,47.36
,PM < 10 micron,0.978,4.3,4.3
Rahr Malting Co,Nitrogen Oxides,75.23,231.85,39.03
,Sulfur Dioxide,31.72,132.598,0.71
,Carbon Monoxide,40.532,156.87,45.25
,PM < 10 micron,50.323000000,734.031,147.5059
,PM < 2.5 micron,38.6066,149.9891,112.580900000
Rayven Inc,Nitrogen Oxides,2.272,9.93,
,Sulfur Dioxide,0.055,0.231,
,Carbon Monoxide,1.31,5.744,
,PM < 10 micron,0.121,0.535,
,PM < 2.5 micron,0.121,0.535,
Redwood Falls Public Utilities - S Plant,Nitrogen Oxides,253.89,"1,112.03",
,Sulfur Dioxide,0.12,0.51,0.09
,Carbon Monoxide,22.81,99.89,20.19
,PM < 10 micron,3.78,16.56,3.34
,PM < 2.5 micron,3.78,16.56,3.34
Release Coatings of Minneapolis Inc,Nitrogen Oxides,0.666,2.921,
,Sulfur Dioxide,0.004,0.0175,
,Carbon Monoxide,0.56,2.452,
,PM < 10 micron,2.59,11.321,11.321
Rexam Beverage Can Co - St Paul,PM < 10 micron,0.45,1.92,1.92
,PM < 2.5 micron,0.45,1.92,1.92
Ritrama Inc,Nitrogen Oxides,12.63,55.27,55.27
,Sulfur Dioxide,0.97,4.24,4.24
,Carbon Monoxide,7.26,31.9,31.9
,PM < 10 micron,0.66,2.96,2.96
,PM < 2.5 micron,0.66,2.96,2.96
Rochester Public Utilities - Silver Lake Plant,Nitrogen Oxides,128.78,515.59,515.59
,Sulfur Dioxide,0.27929,1.1225,1.1225
,Carbon Monoxide,39.2,157.15,157.15
,PM < 10 micron,3.5496,14.219,14.219
,PM < 2.5 micron,3.5496,14.219,14.219
Rochester Public Utilities Cascade Creek,Nitrogen Oxides,"1,643.32","7,193.2","2,868.6624"
,Sulfur Dioxide,184.992,810.272,198.852
,Carbon Monoxide,332.06,"1,453.586",988.3972
,PM < 10 micron,22.504,98.472,63.1333
,PM < 2.5 micron,22.484,98.384,63.1329
Rochester Public Utilities Westside Energy Station,Nitrogen Oxides,25.11,"1,657.8",96.91
,Sulfur Dioxide,0.7672,3.2117,2.035515
,Carbon Monoxide,42.15,"2,384.28",142.76
,PM < 10 micron,24.46,107.08,73.1
,PM < 2.5 micron,24.46,107.08,73.1
RPU - IBM Peaking Diesel Generators,Nitrogen Oxides,122,534,54.88
,Sulfur Dioxide,1.72,7.6,0.78
,Carbon Monoxide,5.66,24.8,2.6
,PM < 10 micron,1.18,5.2,0.54
RR Donnelley Maple Grove,Nitrogen Oxides,13.989,61.278,
,Sulfur Dioxide,0.11,0.4619,
,Carbon Monoxide,7.35,35.353,
,PM < 10 micron,0.754,3.27,
,PM < 2.5 micron,0.754,3.27,
Saint Cloud State University Entire Campus,Nitrogen Oxides,12.3,53.9,39.9
,Sulfur Dioxide,43.1,188.8,26.6
,Carbon Monoxide,7.2,31.5,31.5
,PM < 10 micron,1.2,5.3,3.2
Saint James Diesel Generating Plant,Nitrogen Oxides,678.96,"2,973.84",0
,Sulfur Dioxide,0.324,1.44,0
,Carbon Monoxide,11.736,51.36,0
,PM < 10 micron,5.64,24.72,0
,PM < 2.5 micron,5.64,24.72,0
Saint Paul Park Refining Co LLC,Nitrogen Oxides,443.2298,"1,622.2505","1,040.1205"
,Sulfur Dioxide,"1,187.49278","5,198.77642","2,298.48942"
,Carbon Monoxide,326.4303,"1,429.8018","1,515.1818"
,PM < 10 micron,88.3714,387.1294,387.1594
,PM < 2.5 micron,80.1884,351.3694,351.3994
,Hydrogen Sulfide (H2S),0,0,0
Sanimax USA LLC,Nitrogen Oxides,19.838,119.556,86.896
,Sulfur Dioxide,21.33,93.43,93.43
,Carbon Monoxide,14.5426,63.6982,63.6982
,PM < 10 micron,16.2729,652.204,53.0748
,PM < 2.5 micron,10.0751,440.9968,34.306
Sappi Cloquet LLC,Nitrogen Oxides,"1,421.965","8,950.801","6,194.241"
,Sulfur Dioxide,"3,111.373069","20,155.201394","7,810.981394"
,Carbon Monoxide,"14,593.567","61,818.99","63,072.71"
,PM < 10 micron,313.82516,"15,962.80044","1,372.75144"
,PM < 2.5 micron,210.798508,"10,216.71264",921.56264
,Hydrogen Sulfide (H2S),14.77,41.991,36.871
,Nitrogen Dioxide,6.73333,47.800831,8.822831
Savage Riverport,PM < 10 micron,103.306,"1,635.03",5.16
,PM < 2.5 micron,103.302,278.7,3.83
SB Foot Tanning Co,Nitrogen Oxides,8.56,37.41,37.41
,Sulfur Dioxide,2.4728,10.7824,10.7824
,Carbon Monoxide,5.28,23.08,23.08
,PM < 10 micron,236.498,"7,085.44",3.86
,PM < 2.5 micron,326.148,"7,084.32",2.74
Schwieter's Companies Inc,Nitrogen Oxides,,1.3,1.3
,Sulfur Dioxide,,0,0
,Carbon Monoxide,,1.1,1.1
,PM < 10 micron,"1,220.58","1,336.62",0
Shakopee Distributed Generation,Nitrogen Oxides,46.15,"2,061.25",5.2
,Sulfur Dioxide,2.195,3.75,3.75
,Carbon Monoxide,65.55,"3,310.25",1.1
,PM < 10 micron,28.65,119.35,119.35
,PM < 2.5 micron,28.65,119.35,119.35
Shakopee Sand LLC,Nitrogen Oxides,21.58,141.72,94.6
,Sulfur Dioxide,0.2148,6.5012,0.9612
,Carbon Monoxide,16.38,257.42,71.7
,PM < 10 micron,58.221385,"3,410.52474",224.796667
,PM < 2.5 micron,50.0425203,"1,031.196439",206.6110967
Silgan Containers Mfg Corp - Savage,Nitrogen Oxides,5.896,25.81,25.81
,Sulfur Dioxide,0.171,0.73,0.73
,Carbon Monoxide,0.785,3.57,3.57
,PM < 10 micron,0.443,1.914,1.914
SMMPA Methane Energy Facility,Nitrogen Oxides,4.92,21.57,21.57
,Sulfur Dioxide,0.23,1.47,1.47
,Carbon Monoxide,23.14,101.36,101.36
,PM < 10 micron,0.216,0.945,0.945
,PM < 2.5 micron,0.216,0.945,0.945
,Hydrogen Sulfide (H2S),0.000206,0.0009,0.0009
Southern Minnesota Beet Sugar Coop,Nitrogen Oxides,"1,087.01","2,750.5","2,741.85"
,Sulfur Dioxide,"1,709.5586","7,475.6863","7,364.0792"
,Carbon Monoxide,80.58,349.28,339.38
,PM < 10 micron,"1,177.742","4,232.2303",598.69
,PM < 2.5 micron,"1,048.8951","3,435.1544",859.90852
Specialty Minerals Inc,Nitrogen Oxides,45.76,200.36,200.36
,Sulfur Dioxide,3.56,12.32,12.32
,Carbon Monoxide,225.72,247.16,247.16
,PM < 10 micron,2.5,525.72,7.448
,PM < 2.5 micron,2.5,525.72,7.448
Specialty Minerals Inc - Cloquet,Nitrogen Oxides,28.36,124.2,
,Sulfur Dioxide,58.56,256.51,
,Carbon Monoxide,358.51,"1,570.25",
,PM < 10 micron,1.91,8.379,
,PM < 2.5 micron,1.91,8.379,
,Hydrogen Sulfide (H2S),0.3616,1.584,
Spectro Alloys Corp,Nitrogen Oxides,20.668,85.215,85.215
,Sulfur Dioxide,0.781738,3.418457,3.418457
,Carbon Monoxide,7.1754,22.371,22.371
,PM < 10 micron,22.7471,835.88947,2.13347
,PM < 2.5 micron,22.5706,834.52007,1.89487
Spring Valley Terminal,Nitrogen Oxides,3.36,14.74,14.74
,Carbon Monoxide,8.4,36.84,36.84
Spring Valley Utilities,Nitrogen Oxides,219.83,962.84,94.99
,Sulfur Dioxide,4.5912,20.0853,1.9653
,Carbon Monoxide,46.46,203.51,22.09
,PM < 10 micron,3.99,17.49,1.94
Spruce Ridge Resource Management Facility,Nitrogen Oxides,34.65,151.64,151.64
,Sulfur Dioxide,0.98,4.04,4.04
,Carbon Monoxide,76.89,336.41,336.41
,PM < 10 micron,4.96,21.2,21.2
St Paul Brass & Aluminum Foundry,Nitrogen Oxides,3.908,17.118,2.663
,Sulfur Dioxide,3.8382,16.791,0.046
,Carbon Monoxide,1.108,4.876,2.226
,PM < 10 micron,40.985,858.88,11.147
Streater LLC,Nitrogen Oxides,5.598,24.479,24.479
,Sulfur Dioxide,0.022899,0.10024,0.10024
,Carbon Monoxide,3.15699,14.117,14.117
,PM < 10 micron,0.30124,1.6047,1.28912
,PM < 2.5 micron,0.30124,1.3185,1.3185
Strongwell - Chatfield Division,Nitrogen Oxides,1.2923,1.106,1.106
,Sulfur Dioxide,0.001293,0.0050733,0.0050733
,Carbon Monoxide,2.0155,1.164,0.7
,PM < 10 micron,47.10368,"1,266.92242",206.36242
,PM < 2.5 micron,47.10368,"1,266.92242",206.36242
Styrotech Inc,Nitrogen Oxides,2.14,9.38,9.38
,Sulfur Dioxide,0.248,1.082,1.082
,Carbon Monoxide,1.384,6.06,6.06
,PM < 10 micron,0.126,0.548,0.548
,PM < 2.5 micron,0.126,0.548,0.548
SunOpta Grains & Foods Inc,Nitrogen Oxides,1.356,7.71,7.71
,Sulfur Dioxide,0.02,0.3,0.06
,Carbon Monoxide,0.276,1.496,5.096
,PM < 10 micron,20.04,87.13,
Sunrise Fiberglass LLC,PM < 10 micron,1.88,8.21,8.21
,PM < 2.5 micron,1.88,8.21,8.21
Superior Minerals Co,Nitrogen Oxides,,60.08,60.08
,Sulfur Dioxide,,106.6,106.8
,Carbon Monoxide,,42.56,42.56
,PM < 10 micron,,7.24,7.24
Suzlon Rotor Corp,Nitrogen Oxides,18.99,,4.75
,Sulfur Dioxide,3.2,,0.8
,Carbon Monoxide,4.35,,1.09
,PM < 10 micron,1.32,,3.49
Swift Pork Co - Worthington,Nitrogen Oxides,3.75,16.48,16.48
,Sulfur Dioxide,0.0261,0.1,0.1
,Carbon Monoxide,3.16,13.83,13.83
,PM < 10 micron,0.2838,1.25,1.25
Target North Campus T0591,Nitrogen Oxides,495.233,"1,821.702",214.822
,Sulfur Dioxide,1.44953,5.96607,0.88395
,Carbon Monoxide,46.69,116.238,32.02
,PM < 10 micron,7.1766,23.8627,6.0847
,PM < 2.5 micron,7.0658,23.4547,5.6767
Target Technology Center,Nitrogen Oxides,397.76,119.92,119.92
,Sulfur Dioxide,0.28,0.096,0.096
,Carbon Monoxide,5.68,1.944,1.944
,PM < 10 micron,2.4,0.8,0.8
,PM < 2.5 micron,2.4,0.8,0.8
The C Reiss Coal Co - Duluth Dock,Nitrogen Oxides,3.404,14.61,14.61
,Sulfur Dioxide,0.2089,0.9358,0.9358
,Carbon Monoxide,22.1,107.4,90
,PM < 10 micron,1.5396,6.7415,1.5315
,PM < 2.5 micron,0.2586,1.1235,1.0745
The Toro Co - Lyndale,Nitrogen Oxides,581.7933,"2,579.8804",12.5868
,Sulfur Dioxide,38.1380906,162.710818,162.710818
,Carbon Monoxide,"11,720.89455","50,606.637000000",8.127
,PM < 10 micron,41.212838,175.38201,175.38201
,PM < 2.5 micron,66.592838000,175.38201,175.38201
Titan Lansing Transloading LLC - North Branch,Nitrogen Oxides,11.36,80.86,49.76
,Sulfur Dioxide,0.08,0.36,0.36
,Carbon Monoxide,35.5,186.58,155.5
,PM < 10 micron,5.75,"6,314.749",26.469
,PM < 2.5 micron,5.45185,"6,312.549",24.269
Tuohy Furniture Corp - Chatfield,Nitrogen Oxides,0.28,1.2,1.2
,Sulfur Dioxide,0.03,0.14,0.14
,Carbon Monoxide,0.75,3.29,3.29
,PM < 10 micron,72.65,318.66,21.43
,PM < 2.5 micron,72.67,318.32,21.21
Twin City Concrete Products Co - Saint Paul,Nitrogen Oxides,6.64,29.2,29.2
,Sulfur Dioxide,0.018,0.08,0.08
,Carbon Monoxide,2.56,11.22,11.22
,PM < 10 micron,82.2944,"51,817.06",355.3
Unimin Corp - Kasota Mining Project,Nitrogen Oxides,32.268,141.42,141.42
,Sulfur Dioxide,11.468,50.22,50.22
,Carbon Monoxide,18.596,81.52,81.52
,PM < 10 micron,6.052,136.712,16.591
Unimin Corp - Ottawa Plant,Nitrogen Oxides,9.42,41.3,41.4
,Sulfur Dioxide,3.34,14.66,14.66
,Carbon Monoxide,5.42,23.8,23.78
,PM < 10 micron,9.715000000,355.086,42.385000000
United Taconite LLC - Fairlane Plant,Nitrogen Oxides,"16,054.39","70,306.9","23,928.9"
,Sulfur Dioxide,"5,639.83","35,177.1","16,406.1"
,Carbon Monoxide,300.88,"1,317.7","1,317.7"
,PM < 10 micron,"1,434.85","76,985.6","4,343.37"
United Taconite LLC - Thunderbird Mine,Nitrogen Oxides,7.6,33.3,33.3
,Sulfur Dioxide,19.21,61.3,61.3
,Carbon Monoxide,1.9,8.2,8.2
,PM < 10 micron,414.1,"5,348.5","1,659.4"
University of Minnesota - Crookston,Nitrogen Oxides,77.6,211.016,0.0376
,Sulfur Dioxide,185.878342,806.541808,131.328533
,Carbon Monoxide,34.5214,"1,132.2701",41.4117
,PM < 10 micron,85.27837,361.96182,91.29322
,PM < 2.5 micron,81.58224,348.68182,85.11302
University of Minnesota - Duluth,Nitrogen Oxides,201.05,292.84,18.989
,Sulfur Dioxide,215.446,918.162681,0.9616101
,Carbon Monoxide,42.582,98.728,8.1528
,PM < 10 micron,19.6314046,70.3983513,0.870211
,PM < 2.5 micron,19.6314046,70.3903513,0.870211
University of MN - Twin Cities,Nitrogen Oxides,"2,809.661","12,015.155",218.745
,Sulfur Dioxide,"2,063.286","16,236.129",15.869
,Carbon Monoxide,798.964000000,"3,338.503",299.363
,PM < 10 micron,"1,501.4236","23,822.7756",45.1256
,PM < 2.5 micron,11.0418,41.5977,27.2977
US Postal Service Management Support Service Ctr,Nitrogen Oxides,423.91,"1,855.37",84.68
,Sulfur Dioxide,,224.44,
,Carbon Monoxide,68.49,300.44,13.14
,PM < 10 micron,,16.52,
,PM < 2.5 micron,,16.52,
US Steel Corp - Keetac,Nitrogen Oxides,"19,618.23","65,919.6504","39,717.3454"
,Sulfur Dioxide,"2,031.16335","23,289.01485","8,011.75325"
,Carbon Monoxide,227.302,996.0945,996.0945
,PM < 10 micron,"1,134.63438","182,426.897028","7,359.407028"
,PM < 2.5 micron,565.87138,"98,820.627011","2,724.402011"
US Steel Corp - Minntac,Nitrogen Oxides,"25,403.05","110,412.31","69,885.11"
,Sulfur Dioxide,"7,102.153","31,071.15","31,071.15"
,Carbon Monoxide,"2,141.26","9,340.3","9,340.3"
,PM < 10 micron,"80,192.460000000","351,437.79","32,073.390000000"
USG Interiors - Red Wing,Nitrogen Oxides,157.82,691.31,691.31
,Sulfur Dioxide,"1,522.422","3,251.14","6,667.7"
,Carbon Monoxide,223.21,"48,194.06",977.66
,PM < 10 micron,230.0729,"100,550.50242","1,007.68621"
,Hydrogen Sulfide (H2S),1.92,578.16,8.24
USG Interiors LLC - Cloquet,Nitrogen Oxides,88.060000000,366.323,324.41
,Sulfur Dioxide,0.5026,2.25266,2.25266
,Carbon Monoxide,330.16,"1,443.804","1,053.264"
,PM < 10 micron,144.5641,"62,504.434876",348.608876
,PM < 2.5 micron,140.34654,"62,486.73021",333.29121
Valero Welcome Plant,Nitrogen Oxides,61.384,245.01,233.16
,Sulfur Dioxide,19.0582,80.5758,80.5604
,Carbon Monoxide,45.98,192.98,191.47
,PM < 10 micron,27.67,"2,275.2256",84.83
,PM < 2.5 micron,22.15,"2,267.61185",67.51625
Viking Drill & Tool Inc,PM < 10 micron,9,39.44,39.44
,PM < 2.5 micron,9,39.44,39.44
Viking Gas Transmission - Ada,Nitrogen Oxides,240.01,"1,051.74","1,024.09"
,Sulfur Dioxide,0.337,1.5,1.4867
,Carbon Monoxide,59.4,260.06,214.37
,PM < 10 micron,2.81,12.23,12.04
Viking Gas Transmission - Angus,Nitrogen Oxides,229,"1,003.03",975.4
,Sulfur Dioxide,0.342,1.502,1.4886
,Carbon Monoxide,59.36,260.09,214.4
,PM < 10 micron,2.81,12.23,12.04
Viking Gas Transmission - Cushing,Nitrogen Oxides,182.8,800.52,784.89
,Sulfur Dioxide,0.326,1.47,1.462
,Carbon Monoxide,50.14,222.67,193.97
,PM < 10 micron,2.255,9.795,9.686
Viking Gas Transmission - Frazee,Nitrogen Oxides,110.592,484.13,456.51
,Sulfur Dioxide,0.328,1.458,1.4446
,Carbon Monoxide,52.85,231.32,185.61
,PM < 10 micron,2.15,9.43,9.23
Viking Gas Transmission - Humboldt,Nitrogen Oxides,120.42,527.44,508.35
,Sulfur Dioxide,0.043,0.2,0.183
,Carbon Monoxide,34.78,152.41,121.39
,PM < 10 micron,3.47,15.1,14.844
,PM < 2.5 micron,3.4692,15.103,14.8467
Viking Gas Transmission - Milaca Station 2217,Nitrogen Oxides,138.1141,604.9366,577.3124
,Sulfur Dioxide,0.179496,0.785966,0.773075
,Carbon Monoxide,31.958,139.9858,94.3126
,PM < 10 micron,2.261553,9.9053,9.597429
,PM < 2.5 micron,2.261553,9.905306,9.597429
Viking Waterbeds Inc,Nitrogen Oxides,0.3,1.33,1.33
,Sulfur Dioxide,0.016,0.071,0.071
,Carbon Monoxide,0.44,1.9,1.9
,PM < 10 micron,7.76,137.46,34.26
Virginia Department of Public Utilities,Nitrogen Oxides,776.02,"3,733.64",480
,Sulfur Dioxide,"2,134.54821","10,301.9044",103.5944
,Carbon Monoxide,759.72,"4,133.46","2,835.7"
,PM < 10 micron,339.7929,"4,206.7945","1,464.0345"
,PM < 2.5 micron,54.285402224,561.519305,193.459305
Western Lake Superior Sanitary District,Nitrogen Oxides,80.126,214.872,68.851
,Sulfur Dioxide,60.59,289.345,19.635
,Carbon Monoxide,75.467,290.554,40.025
,PM < 10 micron,4.094,18.51,6.683
,PM < 2.5 micron,3.688,15.124,4.877
WestRock MN Corp,Nitrogen Oxides,220.36,965.04,964.3
,Sulfur Dioxide,"1,207.3555","5,287.1678","5,287.09"
,Carbon Monoxide,53.418,233.79,9.5
,PM < 10 micron,84.872,365.45,8.06
Willmar Municipal Utilities,Nitrogen Oxides,478.7,"2,594.2","1,730.85"
,Sulfur Dioxide,"1,463.07","8,370.7","5,413.83"
,Carbon Monoxide,356.81,"1,474.65","1,300.85"
,PM < 10 micron,125.1,"3,742.16",430.1227358
,PM < 2.5 micron,46.21,"1,356.73",138.5627358
Wisconsin Central Limited - Duluth Ore Dock,PM < 10 micron,527.84,"2,311.9",
Wisconsin Central Ltd - Two Harbors Transshipment,PM < 10 micron,"1,321.23","7,719.14","4,135.14"
,PM < 2.5 micron,"1,321.23","7,719.14","4,135.14"
Wolkerstorfer Co Inc,Nitrogen Oxides,1.7683,7.684,
,Sulfur Dioxide,11.8339,51.756,0
,Carbon Monoxide,1.47,6.204,
,PM < 10 micron,4.8301,21.132,21.475
Worthington Diesel Generating Plant,Nitrogen Oxides,792.12,"3,469.48",0
,Sulfur Dioxide,0.42,1.68,0
,Carbon Monoxide,14.14,"8,537.04",0
,PM < 10 micron,14.84,65.1,0
,PM < 2.5 micron,14.42,63.14,
Xcel Energy - Allen S King Generating Plant,Nitrogen Oxides,"28,693.02","125,675.43","17,551.23"
,Sulfur Dioxide,"53,318.07","233,533.29","21,006.78"
,Carbon Monoxide,488.06,"2,137.62","1,966.05"
,PM < 10 micron,"1,186.733","486,352.424","5,042.757"
,PM < 2.5 micron,"4,268.051","19,548.395","2,883.482"
,Hydrogen Sulfide (H2S),0.35,138.74,1.4
Xcel Energy - Black Dog Generating Plant,Nitrogen Oxides,981.9562,"4,279.6844","1,584.1288"
,Sulfur Dioxide,24.66556,107.7337,53.2409
,Carbon Monoxide,375.1482,"1,891.0432","1,047.6004"
,PM < 10 micron,100.5473,438.5964,282.0692
,PM < 2.5 micron,100.5473,438.5964,282.0692
Xcel Energy - Blue Lake,Nitrogen Oxides,"3,988.75","17,451.21","17,069.21"
,Sulfur Dioxide,145.24,635.92,587.8
,Carbon Monoxide,69.91,301.87,39.07
,PM < 10 micron,53.88,234.56,141.16
Xcel Energy - Granite City Generating,Nitrogen Oxides,948.93,"4,156.23","4,138.51"
,Sulfur Dioxide,510.8735,"2,237.6732","2,237.47028"
,Carbon Monoxide,97,424.77,420.95
,PM < 10 micron,15.2816,66.9347,65.6886
,PM < 2.5 micron,15.28163,66.9347,65.68901
Xcel Energy - High Bridge Generating Plant,Nitrogen Oxides,"1,693.15","7,386.91",471.143
,Sulfur Dioxide,13.0982,57.8416,48.2897
,Carbon Monoxide,"23,029.6","100,866.87","103,441.5834"
,PM < 10 micron,52.151,215.131,211.4136
,PM < 2.5 micron,52.121,228.451,211.4136
Xcel Energy - Inver Hills Generating Plt,Nitrogen Oxides,"3,733.9087","16,331.7522",35.2
,Sulfur Dioxide,"2,798.7509","12,257.0384","12,261.7022"
,Carbon Monoxide,42.0978,179.50184,80.04624
,PM < 10 micron,68.4418,298.18168,291.47728
,PM < 2.5 micron,68.4658,298.1564,
Xcel Energy - Key City/Wilmarth,Nitrogen Oxides,"1,360","5,964","6,363.6"
,Sulfur Dioxide,319.16,"2,773.2",929.4
,Carbon Monoxide,381.84,"1,588.4","1,671.56"
,PM < 10 micron,130.81477,"48,036.712",572.8645
Xcel Energy - Monticello Generating Plt,Nitrogen Oxides,224.51,947.092,771.192
,Sulfur Dioxide,47.0743,207.009,153.1398
,Carbon Monoxide,42.53,258.418,199.04
,PM < 10 micron,7.8046,33.597,27.239
,PM < 2.5 micron,7.8046,33.597,27.239
Xcel Energy - Prairie Island Nuclear Plant,Nitrogen Oxides,13.13,68.68,0
,Sulfur Dioxide,139.4163,610.188877,12.3423215
,Carbon Monoxide,196.619,860.251,2.0411
,PM < 10 micron,25.1219,109.3678,0.495
,PM < 2.5 micron,25.095,109.313,0.495
Xcel Energy - Red Wing Generating Plant,Nitrogen Oxides,510.24,"2,549.4","2,235"
,Sulfur Dioxide,75.66,"13,104",331.44
,Carbon Monoxide,248.52,"3,121.8","1,088.4"
,PM < 10 micron,49.468,"11,642.796",216.4
Xcel Energy - Riverside Generating Plant,Nitrogen Oxides,"26,641.52","117,373.06","115,807.48"
,Sulfur Dioxide,"28,998.93","317,456.4","126,944.01"
,Carbon Monoxide,836.32,"3,584.34","3,494.4"
,PM < 10 micron,"7,334.23","43,534.28","9,053.3"
Xcel Energy - Sherburne Generating Plant,Nitrogen Oxides,"104,779.06","458,263.61","307,942.01"
,Sulfur Dioxide,"79,186.01","346,809.47","357,343.01"
,Carbon Monoxide,"3,015.93","13,064.31","13,064.31"
,PM < 10 micron,"76,572.95","335,343.894","28,274.02"
,PM < 2.5 micron,0.216,0.952,0.0672
Xcel Energy - Wescott LNG Plant,Nitrogen Oxides,69.7882,298.8403,67.8403
,Sulfur Dioxide,0.4363434,1.90893584,1.41393584
,Carbon Monoxide,16.077,59.3636,29.6636
,PM < 10 micron,2.522876,10.992994,10.167994
,PM < 2.5 micron,2.522876,10.992994,10.167994
