"CAS#","Pollutant","Acute Toxic Endpoints","Subchronic Toxic Endpoints","Chronic Non-cancer Endpoints","Multimedia Factor Chemicals","Persistent Bioaccumulative Toxicants","Respiratory Sensitizers","Developmental Toxicants"
"202-94-8","11H-Benz[b,c]aceanthrylene",NA,"",NA,FALSE,FALSE,FALSE,FALSE
"202-98-2","4H-Cyclopenta[d,e,f]chrysene",NA,"",NA,FALSE,TRUE,FALSE,FALSE
"75-07-0","Acetaldehyde","Eyes , Resp","","Resp",FALSE,FALSE,FALSE,FALSE
"60-35-5","Acetamide",NA,"",NA,FALSE,FALSE,FALSE,FALSE
"64-19-7","Acetic Acid","Ethanol specific",NA,"Ethanol specific",NA,NA,NA,NA
"75-86-5","Acetone Cyanohydrin",NA,"Resp",NA,FALSE,FALSE,FALSE,FALSE
"75-05-8","Acetonitrile",NA,"","Systemic",FALSE,FALSE,FALSE,FALSE
"107-02-8","Acrolein","Resp , Eyes","Resp","Resp",FALSE,FALSE,FALSE,FALSE
"79-06-1","Acrylamide",NA,"","Neuro",FALSE,FALSE,FALSE,FALSE
"79-10-7","Acrylic acid","Resp , Eyes","Resp","Resp",FALSE,FALSE,FALSE,FALSE
"107-13-1","Acrylonitrile",NA,"","Resp",FALSE,FALSE,FALSE,FALSE
"111-69-3","Adiponitrile",NA,"Blood","Blood",FALSE,FALSE,FALSE,FALSE
"00-07-9","Aldehydes","Resp , Eyes","","Resp",FALSE,FALSE,FALSE,FALSE
"309-00-2","Aldrin",NA,"",NA,FALSE,FALSE,FALSE,FALSE
"VARIOUS","Aliphatic Hydrocarbon Streams (Midrange)",NA,"","Resp",TRUE,TRUE,FALSE,FALSE
"107-05-1","Allyl chloride",NA,"Neuro","Neuro",FALSE,FALSE,FALSE,FALSE
"7429-90-5","Aluminum",NA,"","Neuro",FALSE,FALSE,FALSE,FALSE
"117-79-3","Aminoanthraquinone, 2-",NA,"",NA,FALSE,FALSE,FALSE,FALSE
"7664-41-7","Ammonia","Resp , Eyes","Resp","Resp",FALSE,FALSE,FALSE,FALSE
"75-85-4","Amyl Alcohol, tert-",NA,"Liver",NA,FALSE,FALSE,FALSE,FALSE
"62-53-3","Aniline",NA,"","Systemic",FALSE,FALSE,FALSE,FALSE
"191-26-4","Anthanthrene",NA,"",NA,FALSE,FALSE,FALSE,FALSE
"7440-36-0","Antimony",NA,"","Resp",TRUE,TRUE,FALSE,FALSE
"0-00-1","Antimony Compounds",NA,"","Resp",FALSE,TRUE,FALSE,FALSE
"1309-64-4","Antimony trioxide",NA,"Resp","Resp",FALSE,FALSE,FALSE,FALSE
"140-57-8","Aramite",NA,"",NA,FALSE,FALSE,FALSE,FALSE
"7440-38-2","Arsenic","Neuro , Cardio , Repro","","Repro , Cardio , Neuro, Skin",FALSE,FALSE,FALSE,FALSE
"0-00-2","Arsenic Compounds","Repro , Cardio , Neuro","","Repro , Cardio , Neuro, Skin",FALSE,TRUE,FALSE,TRUE
"1327-53-3","Arsenic Trioxide","Repro , Cardio , Neuro","","Repro , Cardio , Neuro, Skin",FALSE,TRUE,FALSE,TRUE
"7784-42-1","Arsine","Blood","Blood","Blood",FALSE,TRUE,FALSE,FALSE
"123-77-3","Azodicarbonamide",NA,"Resp","Resp",FALSE,FALSE,FALSE,FALSE
"199-54-2","Benz[e]aceanthrylene",NA,"",NA,FALSE,TRUE,FALSE,FALSE
"202-33-5","Benz[j]aceanthryIene",NA,"",NA,FALSE,TRUE,FALSE,FALSE
"211-91-6","Benz[l]aceanthryIene",NA,"",NA,FALSE,TRUE,FALSE,FALSE
"100-52-7","Benzaldehyde","Ethanol specific",NA,"Ethanol specific",NA,NA,NA,NA
"71-43-2","Benzene","Repro","Blood","Blood",FALSE,FALSE,FALSE,FALSE
"92-87-5","Benzidine",NA,"",NA,FALSE,FALSE,FALSE,TRUE
"205-82-3","Benzo(j)fluoranthene",NA,"",NA,FALSE,TRUE,FALSE,FALSE
"207-08-09","Benzo(k)fluoranthene",NA,"",NA,FALSE,TRUE,FALSE,FALSE
"56-55-3","Benzo[a]anthracene",NA,"",NA,TRUE,TRUE,FALSE,FALSE
"50-32-8","Benzo[a]pyrene",NA,"",NA,TRUE,TRUE,FALSE,FALSE
"205-99-2","Benzo[b]fluoranthene",NA,"",NA,TRUE,TRUE,FALSE,FALSE
"205-12-9","Benzo[c]fluorene",NA,"",NA,TRUE,TRUE,FALSE,FALSE
"191-24-2","Benzo[g,h,i]perylene",NA,"",NA,FALSE,TRUE,FALSE,FALSE
"100-44-7","Benzyl chloride","Resp , Eyes","Systemic","Systemic",FALSE,TRUE,FALSE,FALSE
"7440-41-7","Beryllium",NA,"","Blood, Resp",FALSE,FALSE,FALSE,FALSE
"0-00-3","Beryllium Compounds",NA,"","Blood, Resp",FALSE,FALSE,TRUE,FALSE
"92-52-4","Biphenyl, 1,1-",NA,"Resp",NA,FALSE,FALSE,TRUE,FALSE
"117-81-7","Bis(2-ethylhexyl)phthalate (DEHP)",NA,"",NA,FALSE,FALSE,FALSE,FALSE
"542-88-1","Bis(chloromethyl)ether",NA,"",NA,FALSE,FALSE,FALSE,FALSE
"10294-34-5","Boron Trichloride",NA,"Resp","Resp",FALSE,FALSE,FALSE,FALSE
"108-86-1","Bromobenzene",NA,"Liver, Kidney, Resp","Liver, Kidney, Resp",FALSE,FALSE,FALSE,FALSE
"74-97-5","Bromochloromethane",NA,"Liver",NA,FALSE,FALSE,FALSE,FALSE
"75-25-2","Bromoform",NA,"",NA,FALSE,FALSE,FALSE,FALSE
"106-94-5","Bromopropane, 1-","Repro","Neuro","Resp",FALSE,FALSE,FALSE,FALSE
"106-99-0","Butadiene, 1,3-","Repro","","Repro",FALSE,FALSE,FALSE,TRUE
"71-36-3","Butanol","Ethanol specific",NA,"Ethanol specific",NA,NA,NA,NA
"78-92-2","Butyl alcohol, sec-",NA,"Repro","Repro",FALSE,FALSE,FALSE,FALSE
"111-76-2","Butyl Cellosolve (ethylene glycol monobutyl ether)","Resp , Eyes","","Blood",FALSE,FALSE,FALSE,TRUE
"123-72-8","Butyraldehyde","Ethanol specific",NA,"Ethanol specific",NA,NA,NA,NA
"7440-43-9","Cadmium",NA,"","Kidney, Resp",FALSE,FALSE,FALSE,FALSE
"0-00-4","Cadmium Compounds",NA,"","Kidney, Resp",FALSE,FALSE,FALSE,FALSE
"105-60-2","Caprolactum","Eyes","","Resp",FALSE,FALSE,FALSE,FALSE
"75-15-0","Carbon disulfide","Repro","","Neuro",FALSE,FALSE,FALSE,FALSE
"630-08-0","Carbon Monoxide","Cardio","",NA,FALSE,FALSE,FALSE,TRUE
"56-23-5","Carbon tetrachloride","Repro , Neuro , Liver , Digest","","Digest, Repro, Neuro",FALSE,FALSE,FALSE,FALSE
"111-15-9","Cellosolve Acetate (ethylene glycol monoethyl ether acetate)","Repro","Repro","Repro",FALSE,FALSE,FALSE,FALSE
"1306-38-3","Cerium Oxide and Cerium Compounds",NA,"","Resp",FALSE,FALSE,FALSE,TRUE
"12789-03-6","Chlordane or (57-74-9)",NA,"Liver","Liver",FALSE,FALSE,FALSE,FALSE
"108171-26-2","Chlorinated Paraffins (C12, 60% Chlorine)",NA,"",NA,TRUE,TRUE,FALSE,FALSE
"7782-50-5","Chlorine","Resp","","Resp",FALSE,FALSE,FALSE,FALSE
"10049-04-4","Chlorine Oxide (CLO2)",NA,"Resp","Resp",FALSE,FALSE,FALSE,FALSE
"75-68-3","Chloro-1,1-difluoroethane, 1- (HCFC-142b)",NA,"","Systemic",FALSE,FALSE,FALSE,FALSE
"95-83-0","Chloro-o-phenylenediamine, 4-",NA,"",NA,FALSE,FALSE,FALSE,FALSE
"95-69-2","Chloro-o-toluidine, p-",NA,"",NA,FALSE,FALSE,FALSE,FALSE
"532-27-4","Chloroacetophenone, 2-",NA,"","Resp",FALSE,FALSE,FALSE,FALSE
"108-90-7","Chlorobenzene",NA,"Liver","Digest, Kidney, Repro",FALSE,FALSE,FALSE,FALSE
"98-56-6","Chlorobenzotrifluoride, 4-",NA,"Liver","Liver, Blood",FALSE,FALSE,FALSE,FALSE
"75-45-6","Chlorodifluoromethane (HCFC-22)",NA,"","Kidney, Repro",FALSE,FALSE,FALSE,FALSE
"67-66-3","Chloroform","Repro","","Digest, Kidney, Repro",FALSE,FALSE,FALSE,FALSE
"100-00-5","Chloronitrobenzene, p-",NA,"Liver, Blood","Blood",FALSE,FALSE,FALSE,FALSE
"76-06-2","Chloropicrin","Resp , Eyes","","Resp",FALSE,FALSE,FALSE,FALSE
"126-99-8","Chloroprene",NA,"","Resp, Blood",FALSE,FALSE,FALSE,FALSE
"18540-29-9","Chromic acid mists and dissolved Cr(VI) aerosols",NA,"Resp","Resp",FALSE,FALSE,FALSE,FALSE
"18540-29-9","Chromic acid mists and dissolved Cr(VI) aerosols",NA,"Resp","Resp",FALSE,FALSE,FALSE,FALSE
"7440-47-3","Chromium",NA,"Resp","Resp",FALSE,FALSE,FALSE,FALSE
"18540-29-9","Chromium (Hexavalent) (particulate)",NA,"Resp","Resp",FALSE,FALSE,FALSE,FALSE
"18540-29-9","Chromium (Hexavalent) (particulate)",NA,"Resp","Resp",FALSE,FALSE,FALSE,FALSE
"0-00-5","Chromium Compounds",NA,"Resp","Resp",FALSE,FALSE,FALSE,FALSE
"218-01-9","Chrysene (Benzo(a)phenanthrene)",NA,"",NA,FALSE,FALSE,FALSE,FALSE
"8007-45-2","Coal Tar",NA,"",NA,TRUE,TRUE,FALSE,FALSE
"7440-48-4","Cobalt",NA,"Systemic","Systemic",FALSE,FALSE,FALSE,FALSE
"0-00-7","Coke Oven Emissions",NA,"",NA,FALSE,FALSE,TRUE,FALSE
"7440-50-8","Copper","Resp","",NA,FALSE,FALSE,FALSE,FALSE
"00-03-1","Copper Compounds","Resp","",NA,FALSE,FALSE,FALSE,FALSE
"120-71-8","Cresidine, p-",NA,"",NA,FALSE,FALSE,FALSE,FALSE
"108-39-4","Cresol, m-",NA,"","Neuro",FALSE,FALSE,FALSE,FALSE
"95-48-7","Cresol, o-",NA,"","Neuro",FALSE,FALSE,FALSE,FALSE
"106-44-5","Cresol, p-",NA,"","Neuro",FALSE,FALSE,FALSE,FALSE
"1319-77-3","Cresols/Cresylic acid (isomers and mixture)",NA,"","Neuro",FALSE,FALSE,FALSE,FALSE
"98-82-8","Cumene",NA,"Kidney, Repro","Kidney",FALSE,FALSE,FALSE,FALSE
"135-20-6","Cupferron",NA,"",NA,FALSE,FALSE,FALSE,FALSE
"57-12-5","Cyanide (Cyanide ion, Inorganic cyanides, Isocyanide)","Neuro","","Neuro, Repro",FALSE,FALSE,FALSE,FALSE
"0-00-8","Cyanide Compounds","Neuro","","Neuro, Repro",FALSE,FALSE,FALSE,FALSE
"110-82-7","Cyclohexane",NA,"Repro","Repro",FALSE,FALSE,FALSE,FALSE
"109-94-1","Cyclohexanone",NA,"Systemic","Systemic",FALSE,FALSE,FALSE,FALSE
"27208-37-3","Cyclopenta[c,d]pyrene",NA,"",NA,FALSE,FALSE,FALSE,FALSE
"50-29-3","DDT",NA,"",NA,FALSE,TRUE,FALSE,FALSE
"615-05-4","Diaminoanisole, 2,4-",NA,"",NA,TRUE,TRUE,FALSE,FALSE
"103-33-3","Diazene, Diphenyl",NA,"",NA,FALSE,FALSE,FALSE,FALSE
"226-36-8","Dibenz(a,h)acridine",NA,"",NA,FALSE,FALSE,FALSE,FALSE
"224-42-0","Dibenz(a,j)acridine",NA,"",NA,FALSE,TRUE,FALSE,FALSE
"53-70-3","Dibenz[a,h]anthracene",NA,"",NA,FALSE,TRUE,FALSE,FALSE
"192-65-4","Dibenzo(a,e)pyrene",NA,"",NA,FALSE,TRUE,FALSE,FALSE
"189-64-0","Dibenzo(a,h)pyrene",NA,"",NA,FALSE,TRUE,FALSE,FALSE
"191-30-0","Dibenzo(a,l)pyrene",NA,"",NA,FALSE,TRUE,FALSE,FALSE
"194-59-2","Dibenzo(c,g)carbazole, 7H-",NA,"",NA,FALSE,TRUE,FALSE,FALSE
"5385-75-1","Dibenzo[a,e]fluoranthene",NA,"",NA,TRUE,TRUE,FALSE,FALSE
"189-55-9","Dibenzo[a,i]pyrene",NA,"",NA,FALSE,TRUE,FALSE,FALSE
"96-12-8","Dibromo-3-chloropropane, 1,2-",NA,"Repro","Repro",FALSE,TRUE,FALSE,FALSE
"764-41-0","Dichloro-2-butene, 1,4-",NA,"",NA,FALSE,FALSE,FALSE,FALSE
"1476-11-5","Dichloro-2-butene, cis-1,4-",NA,"",NA,FALSE,FALSE,FALSE,FALSE
"106-46-7","Dichlorobenzene(p), 1,4-",NA,"Liver","Liver",FALSE,FALSE,FALSE,FALSE
"25321-22-6","Dichlorobenzenes",NA,"Liver","Liver",FALSE,FALSE,FALSE,FALSE
"91-94-1","Dichlorobenzidene, 3,3-",NA,"",NA,FALSE,FALSE,FALSE,FALSE
"75-71-8","Dichlorodifluoromethane (CFC-12)",NA,"Systemic",NA,FALSE,FALSE,FALSE,FALSE
"111-44-4","Dichloroethyl ether (Bis(2-chloroethyl)ethe",NA,"",NA,FALSE,FALSE,FALSE,FALSE
"75-35-4","Dichloroethylene (1,1-) (Vinylidene chloride)",NA,"","Liver",FALSE,FALSE,FALSE,FALSE
"156-60-5","Dichloroethylene, trans-1,2-",NA,"","Resp",FALSE,FALSE,FALSE,FALSE
"542-75-6","Dichloropropene, 1,3-",NA,"","Resp",FALSE,FALSE,FALSE,FALSE
"62-73-7","Dichlorvos",NA,"","Neuro",FALSE,FALSE,FALSE,FALSE
"77-73-6","Dicyclopentadiene",NA,"Kidney",NA,FALSE,FALSE,FALSE,FALSE
"60-57-1","Dieldrin",NA,"",NA,FALSE,FALSE,FALSE,FALSE
"0-02-4","Diesel exhaust particulate",NA,"","Resp",TRUE,TRUE,FALSE,FALSE
"111-42-2","Diethanolamine",NA,"Systemic","Resp, Blood",FALSE,FALSE,FALSE,FALSE
"112-34-5","Diethylene Glycol Monobutyl Ether",NA,"Liver","Liver",FALSE,FALSE,FALSE,FALSE
"111-90-0","Diethylene Glycol Monoethyl Ether",NA,"Systemic","Skin",FALSE,FALSE,FALSE,FALSE
"75-37-6","Difluoroethane, 1,1-",NA,"","Systemic",FALSE,FALSE,FALSE,FALSE
"108-20-3","Diisopropyl Ether",NA,"Repro","Systemic",FALSE,FALSE,FALSE,TRUE
"60-11-7","Dimethyl aminoazobenzene",NA,"",NA,FALSE,FALSE,FALSE,TRUE
"68-12-2","Dimethyl formamide",NA,"Liver","Liver",FALSE,FALSE,FALSE,FALSE
"108-01-0","Dimethylamino ethanol, 2-",NA,"Resp",NA,FALSE,FALSE,FALSE,FALSE
"57-97-6","Dimethylbenz[a]anthracene, 7,12-",NA,"",NA,FALSE,FALSE,FALSE,FALSE
"57-14-7","Dimethylhydrazine, 1,1-",NA,"Repro",NA,TRUE,TRUE,FALSE,FALSE
"42397-64-8","Dinitropyrene, 1,6- (BaP)",NA,"",NA,FALSE,FALSE,FALSE,FALSE
"42397-65-9","Dinitropyrene, 1,8- (BaP)",NA,"",NA,FALSE,FALSE,FALSE,FALSE
"121-14-2","Dinitrotoluene, 2,4-",NA,"",NA,FALSE,FALSE,FALSE,FALSE
"123-91-1","Dioxane, 1,4- (1,4-Diethylene dioxide)","Eyes , Resp","","Digest, Kidney, Cardio",FALSE,FALSE,FALSE,FALSE
"122-66-7","Diphenylhydrazine, 1,2-",NA,"",NA,FALSE,FALSE,FALSE,FALSE
"106-89-8","Epichlorohydrin (l-Chloro-2,3-epoxypropane)","Resp , Eyes","Resp","Resp",FALSE,FALSE,FALSE,FALSE
"106-88-7","Epoxybutane, 1,2-",NA,"","Resp",FALSE,FALSE,FALSE,FALSE
"67-17-5","Ethanol","Ethanol specific",NA,"Ethanol specific",NA,NA,NA,NA
"110-80-5","Ethoxyethanol, 2- (ethylene glycol monoethyl ether)","Repro","Repro, Blood","Repro",FALSE,FALSE,FALSE,FALSE
"141-78-6","Ethyl Acetate","Ethanol specific","Systemic","Ethanol specific",NA,NA,NA,NA
"140-88-5","Ethyl Acrylate",NA,"Resp",NA,FALSE,FALSE,FALSE,FALSE
"100-41-4","Ethyl benzene","Repro","Auditory","Repro",FALSE,FALSE,FALSE,TRUE
"51-79-6","Ethyl carbamate (Urethane)",NA,"",NA,FALSE,FALSE,FALSE,TRUE
"75-00-3","Ethyl chloride (Chloroethane)","Repro","Repro","Repro",FALSE,FALSE,FALSE,FALSE
"97-63-2","Ethyl Methacrylate",NA,"Repro","Repro",FALSE,FALSE,FALSE,TRUE
"106-93-4","Ethylene dibromide (Dibromoethane)",NA,"","Resp",FALSE,FALSE,FALSE,TRUE
"107-06-2","Ethylene dichloride (1,2-Dichloroethane)",NA,"Neuro","Liver",FALSE,FALSE,FALSE,FALSE
"107-21-1","Ethylene glycol",NA,"","Resp, Kidney",FALSE,FALSE,FALSE,FALSE
"75-21-8","Ethylene oxide",NA,"","Neuro",FALSE,FALSE,FALSE,FALSE
"96-45-7","Ethylene thiourea",NA,"",NA,FALSE,FALSE,FALSE,FALSE
"75-34-3","Ethylidene dichloride (1,1-Dichloroethane)",NA,"",NA,FALSE,FALSE,FALSE,FALSE
"206-44-0","Fluoranthene",NA,"",NA,FALSE,FALSE,FALSE,FALSE
"1101","Fluorides (except hydrogen fluoride)",NA,"","Bone/Teeth, Resp",FALSE,FALSE,FALSE,FALSE
"50-00-0","Formaldehyde","Resp , Eyes","","Resp",FALSE,FALSE,FALSE,FALSE
"64-18-6","Formic Acid",NA,"Blood",NA,FALSE,FALSE,FALSE,FALSE
"64-16-6","Formic Acid","Ethanol specific",NA,NA,NA,NA,NA,NA
"98-01-0","Furfural","Ethanol specific",NA,"Ethanol specific",NA,NA,NA,NA
"111-30-8","Glutaraldehyde",NA,"","Resp",FALSE,FALSE,FALSE,FALSE
"0-01-2","Glycol ethers","Repro","Repro, Blood","Repro",FALSE,FALSE,TRUE,FALSE
"76-44-8","Heptachlor",NA,"",NA,FALSE,FALSE,FALSE,FALSE
"1024-57-3","Heptachlor epoxide",NA,"",NA,FALSE,FALSE,FALSE,FALSE
"35822-46-9","Heptachlorodibenzo-p-dioxin, 1,2,3,4,6,7,8-",NA,"","Liver, Repro, Resp, Blood",TRUE,TRUE,FALSE,FALSE
"00-08-5","Heptachlorodibenzodioxin, All Isomers",NA,"","Liver, Repro, Resp, Blood",TRUE,TRUE,FALSE,FALSE
"67562-39-4","Heptachlorodibenzofuran, 1,2,3,4,6,7,8-",NA,"","Liver, Repro, Resp, Blood",TRUE,TRUE,FALSE,FALSE
"55673-89-7","Heptachlorodibenzofuran, 1,2,3,4,7,8,9-",NA,"","Liver, Repro, Resp, Blood",TRUE,TRUE,FALSE,FALSE
"00-08-4","Heptachlorodibenzofuran, All Isomers",NA,"","Liver, Repro, Resp, Blood",TRUE,TRUE,FALSE,FALSE
"118-74-1","Hexachlorobenzene",NA,"",NA,TRUE,TRUE,FALSE,FALSE
"87-68-3","Hexachlorobutadiene",NA,"",NA,FALSE,FALSE,FALSE,FALSE
"608-73-1","Hexachlorocyclohexane (technical grade)",NA,"",NA,FALSE,FALSE,FALSE,FALSE
"319-84-6","Hexachlorocyclohexane, alpha-",NA,"",NA,FALSE,FALSE,FALSE,FALSE
"319-85-7","Hexachlorocyclohexane, beta-1,2,3,4,5,6-",NA,"",NA,FALSE,FALSE,FALSE,FALSE
"77-47-4","Hexachlorocyclopentadiene",NA,"","Resp",FALSE,FALSE,FALSE,FALSE
"39227-28-6","Hexachlorodibenzo-p-dioxin, 1,2,3,4,7,8-",NA,"","Liver, Repro, Resp, Blood",TRUE,TRUE,FALSE,FALSE
"57653-85-7","Hexachlorodibenzo-p-dioxin, 1,2,3,6,7,8-",NA,"","Liver, Repro, Resp, Blood",TRUE,TRUE,FALSE,FALSE
"19408-74-3","Hexachlorodibenzo-p-dioxin, 1,2,3,7,8,9-",NA,"","Liver, Repro, Resp, Blood",TRUE,TRUE,FALSE,FALSE
"00-08-3","Hexachlorodibenzodioxins, All Isomers",NA,"","Liver, Repro, Resp, Blood",TRUE,TRUE,FALSE,FALSE
"70648-26-9","Hexachlorodibenzofuran, 1,2,3,4,7,8-",NA,"","Liver, Repro, Resp, Blood",TRUE,TRUE,FALSE,FALSE
"57117-44-9","Hexachlorodibenzofuran, 1,2,3,6,7,8-",NA,"","Liver, Repro, Resp, Blood",TRUE,TRUE,FALSE,FALSE
"72918-21-9","Hexachlorodibenzofuran, 1,2,3,7,8,9-",NA,"","Liver, Repro, Resp, Blood",TRUE,TRUE,FALSE,FALSE
"60851-34-5","Hexachlorodibenzofuran, 2,3,4,6,7,8-",NA,"","Liver, Repro, Resp, Blood",TRUE,TRUE,FALSE,FALSE
"00-08-2","Hexachlorodibenzofurans, All Isomers",NA,"","Liver, Repro, Resp, Blood",TRUE,TRUE,FALSE,FALSE
"67-72-1","Hexachloroethane",NA,"","Neuro",FALSE,FALSE,FALSE,FALSE
"822-06-0","Hexamethylene-1,6-diisocyanate",NA,"","Resp",FALSE,FALSE,FALSE,FALSE
"110-54-3","Hexane",NA,"Neuro","Neuro, Resp",FALSE,FALSE,TRUE,FALSE
"591-78-6","Hexanone-2",NA,"","Neuro",FALSE,FALSE,FALSE,FALSE
"302-01-2","Hydrazine",NA,"Blood","Digest, Repro",FALSE,FALSE,FALSE,FALSE
"10034-93-2","Hydrazine sulfate",NA,"",NA,FALSE,FALSE,FALSE,FALSE
"7647-01-0","Hydrochloric acid (hydrogen chloride)","Resp , Eyes","","Resp",FALSE,FALSE,FALSE,FALSE
"74-90-8","Hydrogen cyanide","Neuro","","Neuro, Repro",FALSE,FALSE,FALSE,FALSE
"7664-39-3","Hydrogen fluoride (Hydrofluoric acid)","Resp","","Bone/Teeth, Resp",FALSE,FALSE,FALSE,FALSE
"7783-07-5","Hydrogen selenide","Resp , Eyes","",NA,FALSE,FALSE,FALSE,FALSE
"7783-06-4","Hydrogen sulfide","Resp","Resp","Resp",FALSE,FALSE,FALSE,FALSE
"193-39-5","Indeno(1,2,3-cd)pyrene",NA,"",NA,FALSE,FALSE,FALSE,FALSE
"121-51-3","Isoamyl","Ethanol specific",NA,"Ethanol specific",NA,NA,NA,NA
"78-59-1","Isophorone",NA,"","Kidney, Digest, Repro",TRUE,TRUE,FALSE,FALSE
"67-63-0","Isopropyl alcohol","Resp , Eyes","Neuro","Repro, Kidney",FALSE,FALSE,FALSE,FALSE
"50-21-5","Lactic Acid","Ethanol specific",NA,"Ethanol specific",NA,NA,NA,NA
"7439-92-1","Lead",NA,"Repro, Cardio, Neuro","Repro, Neuro, Cardio",FALSE,FALSE,FALSE,FALSE
"7758-97-6","Lead Chromate",NA,"Resp","Resp",TRUE,TRUE,FALSE,FALSE
"0-01-3","Lead Compounds",NA,"Repro, Cardio, Neuro","Repro, Neuro, Cardio",FALSE,FALSE,FALSE,FALSE
"58-89-9","Lindane (all isomers)",NA,"",NA,TRUE,TRUE,FALSE,FALSE
"00-07-8","m- and p-Xylenes","Resp , Eyes , Neuro","","Neuro, Resp",FALSE,FALSE,FALSE,FALSE
"108-31-6","Maleic anhydride",NA,"","Resp",FALSE,FALSE,FALSE,FALSE
"7439-96-5","Manganese",NA,"","Neuro",FALSE,FALSE,TRUE,FALSE
"0-01-4","Manganese Compounds",NA,"","Neuro",FALSE,FALSE,FALSE,FALSE
"1313-13-9","Manganese Dioxide",NA,"","Neuro",FALSE,FALSE,FALSE,FALSE
"7439-97-6","Mercury (elemental)","Repro , Neuro","","Neuro",FALSE,FALSE,FALSE,FALSE
"0-02-3","Mercury Compounds","Repro , Neuro","","Neuro",TRUE,TRUE,FALSE,TRUE
"126-98-7","Methacrylonitrile",NA,"Liver","Liver",TRUE,TRUE,FALSE,TRUE
"67-56-1","Methanol","Neuro","","Repro",FALSE,FALSE,FALSE,FALSE
"109-86-4","Methoxyethanol, 2- (ethylene glycol monomethyl ether EGME)","Repro","Repro, Blood","Repro",FALSE,FALSE,FALSE,FALSE
"96-33-3","Methyl acrylate",NA,"Resp","Resp",FALSE,FALSE,FALSE,TRUE
"74-83-9","Methyl bromide (Bromomethane)","Neuro","Resp","Resp",FALSE,FALSE,FALSE,FALSE
"110-49-6","Methyl Cellosolve Acetate",NA,"Repro","Repro",FALSE,FALSE,FALSE,FALSE
"74-87-3","Methyl chloride (Chloromethane)",NA,"Systemic","Neuro",FALSE,FALSE,FALSE,FALSE
"71-55-6","Methyl chloroform (1,1,1-Trichloroethane)","Neuro","Liver","Liver",FALSE,FALSE,FALSE,FALSE
"78-93-3","Methyl ethyl ketone (2-Butanone)","Resp , Eyes","","Repro",FALSE,FALSE,FALSE,FALSE
"60-34-4","Methyl Hydrazine",NA,"Liver",NA,FALSE,FALSE,FALSE,FALSE
"108-10-1","Methyl isobutyl ketone (Hexone)",NA,"","Repro",FALSE,FALSE,FALSE,FALSE
"624-83-9","Methyl isocyanate",NA,"","Repro, Resp",FALSE,FALSE,FALSE,FALSE
"80-62-6","Methyl methacrylate",NA,"","Resp",FALSE,FALSE,FALSE,FALSE
"1634-04-4","Methyl tert butyl ether",NA,"","Liver, Kidney",FALSE,FALSE,FALSE,FALSE
"56-49-5","Methylcholanthrene, 3-",NA,"",NA,FALSE,FALSE,FALSE,FALSE
"3697-24-3","Methylchrysene, 5-",NA,"",NA,TRUE,TRUE,FALSE,FALSE
"101-14-4","Methylene bis(2-chloroaniline), 4,4-",NA,"",NA,FALSE,TRUE,FALSE,FALSE
"74-95-3","Methylene Bromide",NA,"",NA,FALSE,FALSE,FALSE,FALSE
"75-09-2","Methylene chloride (Dichloromethane)","Neuro","","Liver",FALSE,FALSE,FALSE,FALSE
"101-68-8","Methylene diphenyl diisocyanate (MDI)",NA,"","Resp",FALSE,FALSE,FALSE,FALSE
"101-77-9","Methylenedianiline, 4,4-",NA,"","Eyes, Digest",FALSE,FALSE,TRUE,FALSE
"90-94-8","Michler's ketone",NA,"",NA,FALSE,FALSE,FALSE,FALSE
"10595-95-6","N- Nitrosomethylethylamine",NA,"",NA,FALSE,FALSE,FALSE,FALSE
"924-16-3","N-Nitrosodi-n-butylamine",NA,"",NA,FALSE,FALSE,FALSE,FALSE
"621-64-7","N-Nitrosodi-n-propylamine",NA,"",NA,FALSE,FALSE,FALSE,FALSE
"55-18-5","N-Nitrosodiethylamine",NA,"",NA,FALSE,FALSE,FALSE,FALSE
"62-75-9","N-Nitrosodimethylamine",NA,"",NA,FALSE,FALSE,FALSE,FALSE
"86-30-6","N-Nitrosodiphenylamine",NA,"",NA,FALSE,FALSE,FALSE,FALSE
"59-89-2","N-Nitrosomorpholine",NA,"",NA,FALSE,FALSE,FALSE,FALSE
"100-75-4","N-Nitrosopiperidine",NA,"",NA,FALSE,FALSE,FALSE,FALSE
"111-84-2","N-Nonane",NA,"Systemic","Systemic",FALSE,FALSE,FALSE,FALSE
"64724-95-6","Naphtha, High Flash Aromatic (HFAN)",NA,"Repro","Repro",FALSE,FALSE,FALSE,FALSE
"91-20-3","Naphthalene","Resp","","Resp",FALSE,FALSE,FALSE,TRUE
"193-09-9","Naphtho[2,3-e]pyrene",NA,"",NA,FALSE,FALSE,FALSE,FALSE
"7440-02-0","Nickel","Resp","","Resp, Blood",FALSE,FALSE,FALSE,FALSE
"0-01-5","Nickel Compounds","Resp","","Resp, Blood",FALSE,FALSE,TRUE,FALSE
"1313-99-1","Nickel oxide","Resp","","Resp, Blood",FALSE,FALSE,TRUE,FALSE
"0-02-5","Nickel refinery dust from the pyrometallurgical process","Resp","","Resp, Blood",FALSE,FALSE,TRUE,FALSE
"12035-72-2","Nickel sulfide (NI3S2)","Resp","","Resp, Blood",FALSE,FALSE,TRUE,FALSE
"7697-37-2","Nitric acid","Resp","",NA,FALSE,FALSE,TRUE,FALSE
"602-87-9","Nitroacenaphthene, 5-",NA,"",NA,FALSE,FALSE,FALSE,FALSE
"100-01-6","Nitroaniline, 4-",NA,"Blood",NA,FALSE,FALSE,FALSE,FALSE
"98-95-3","Nitrobenzene",NA,"","Resp",FALSE,FALSE,FALSE,FALSE
"7496-02-8","Nitrochrysene, 6-",NA,"",NA,FALSE,FALSE,FALSE,FALSE
"607-57-8","Nitrofluorene, 2-",NA,"",NA,FALSE,TRUE,FALSE,FALSE
"10102-44-0","Nitrogen oxide (NO2)","Resp","",NA,FALSE,FALSE,FALSE,FALSE
"75-52-5","Nitromethane",NA,"Resp","Resp",FALSE,FALSE,FALSE,FALSE
"79-46-9","Nitropropane, 2-",NA,"","Liver",FALSE,FALSE,FALSE,FALSE
"5522-43-0","Nitropyrene, 1-",NA,"",NA,FALSE,FALSE,FALSE,FALSE
"57835-92-4","Nitropyrene, 4-",NA,"",NA,FALSE,TRUE,FALSE,FALSE
"156-10-5","Nitrosodiphenylamine, p-",NA,"",NA,FALSE,FALSE,FALSE,FALSE
"3268-87-9","Octachlorodibenzo-p-dioxin, 1,2,3,4,6,7,8,9-",NA,"","Liver, Repro, Resp, Blood",TRUE,TRUE,FALSE,FALSE
"39001-02-0","Octachlorodibenzofuran, 1,2,3,4,6,7,8,9-",NA,"","Liver, Repro, Resp, Blood",FALSE,FALSE,FALSE,TRUE
"10028-15-6","Ozone","Resp , Eyes","",NA,TRUE,TRUE,FALSE,FALSE
"74472-37-0","PCB 114 (2,3,4,4,5 Pentachlorobiphenyl)",NA,"","Liver, Repro, Resp, Blood",TRUE,TRUE,FALSE,FALSE
"31508-00-6","PCB 118 (2,3,4,4,5 Pentachlorobiphenyl)",NA,"","Liver, Repro, Resp, Blood",TRUE,TRUE,FALSE,FALSE
"65510-44-3","PCB 123 (2,3,4,4,5 Pentachlorobiphenyl)",NA,"","Liver, Repro, Resp, Blood",TRUE,TRUE,FALSE,FALSE
"57465-28-8","PCB 126 (3,3,4,4,5 Pentachlorobiphenyl)",NA,"","Liver, Repro, Resp, Blood",TRUE,TRUE,FALSE,FALSE
"38380-0804","PCB 156 (2,3,3,4,4,5 Hexachlorobiphenyl)",NA,"","Liver, Repro, Resp, Blood",TRUE,TRUE,FALSE,FALSE
"69782-90-7","PCB 157 (2,3,3,4,4,5 Hexachlorobiphenyl)",NA,"","Liver, Repro, Resp, Blood",TRUE,TRUE,FALSE,FALSE
"52663-72-6","PCB 167 (2,3,4,4,5,5 Hexachlorobiphenyl)",NA,"","Liver, Repro, Resp, Blood",TRUE,TRUE,FALSE,FALSE
"32774-16-6","PCB 169 (3,3,4,4,5,5 Hexachlorobiphenyl)",NA,"","Liver, Repro, Resp, Blood",TRUE,TRUE,FALSE,FALSE
"39635-31-9","PCB 189 (2,3,3,4,4,5,5 Heptachlorobiphenyl)",NA,"","Liver, Repro, Resp, Blood",TRUE,TRUE,FALSE,FALSE
"32598-13-3","PCB 77 (3,3,4,4-Tetrachlorobiphenyl)",NA,"","Liver, Repro, Resp, Blood",TRUE,TRUE,FALSE,FALSE
"70362-50-4","PCB 81 (3,4,4,5 Tetrachlorobiphenyl)",NA,"","Liver, Repro, Resp, Blood",TRUE,TRUE,FALSE,FALSE
"32598-14-4","PCB105 (2,3,3,4,4 Pentachlorobiphenyl)",NA,"","Liver, Repro, Resp, Blood",TRUE,TRUE,FALSE,FALSE
"40321-76-4","Pentachlorodibenzo-p-dioxin, 1,2,3,7,8-",NA,"","Liver, Repro, Resp, Blood",TRUE,TRUE,FALSE,FALSE
"00-08-1","Pentachlorodibenzodioxins, All Isomers",NA,"","Liver, Repro, Resp, Blood",TRUE,TRUE,FALSE,FALSE
"57117-41-6","Pentachlorodibenzofuran, 1,2,3,7,8-",NA,"","Liver, Repro, Resp, Blood",TRUE,TRUE,FALSE,FALSE
"57117-31-4","Pentachlorodibenzofuran, 2,3,4,7,8-",NA,"","Liver, Repro, Resp, Blood",TRUE,TRUE,FALSE,FALSE
"00-09-0","Pentachlorodibenzofurans, All Isomers",NA,"","Liver, Repro, Resp, Blood",TRUE,TRUE,FALSE,FALSE
"87-86-5","Pentachlorophenol",NA,"",NA,TRUE,TRUE,FALSE,FALSE
"109-66-0","Pentane, n-",NA,"Systemic","Systemic",FALSE,FALSE,FALSE,FALSE
"00-07-7","Petroleum Hydrocarbons, Aliphatic (C7 - C11)",NA,"","Systemic",FALSE,FALSE,FALSE,FALSE
"85-01-8","Phenanthrene",NA,"",NA,FALSE,FALSE,FALSE,FALSE
"108-95-2","Phenol","Resp , Eyes","","Digest, Cardio, Kidney",FALSE,TRUE,FALSE,FALSE
"75-44-5","Phosgene","Resp","","Resp",FALSE,FALSE,FALSE,FALSE
"7803-51-2","Phosphine",NA,"Systemic","Systemic",FALSE,FALSE,FALSE,FALSE
"7664-38-2","Phosphoric acid",NA,"","Resp",FALSE,FALSE,FALSE,FALSE
"85-44-9","Phthalic anhydride",NA,"","Resp",FALSE,FALSE,FALSE,FALSE
"1336-36-3","Polychlorinated biphenyls (Aroclors unspeciated)",NA,"","Liver, Repro, Resp, Blood",FALSE,FALSE,TRUE,FALSE
"00-08-0","Polychlorinated Dibenzo-P-Dioxins And Furans, Total",NA,"","Liver, Repro, Resp, Blood",FALSE,FALSE,FALSE,FALSE
"00-05-0","Polychlorinated Dibenzodioxins, Total",NA,"","Liver, Repro, Resp, Blood",TRUE,TRUE,FALSE,FALSE
"00-05-1","Polychlorinated Dibenzofurans, Total",NA,"","Liver, Repro, Resp, Blood",FALSE,FALSE,FALSE,FALSE
"130498-29-2","Polycyclic Aromatic Hydrocarbons (PAH)",NA,"",NA,FALSE,FALSE,FALSE,FALSE
"00-01-7","Polycyclic Organic Matter (POM)",NA,"",NA,FALSE,TRUE,FALSE,FALSE
"9016-87-9","Polymeric diphenylmethane diisocyanate",NA,"","Resp",FALSE,FALSE,FALSE,FALSE
"7758-01-2","Potassium bromate",NA,"",NA,FALSE,FALSE,TRUE,FALSE
"1120-71-4","Propane sultone, 1,3-",NA,"",NA,FALSE,FALSE,FALSE,FALSE
"71-23-8","Propanol","Ethanol specific",NA,"Ethanol specific",NA,NA,NA,NA
"123-38-6","Propionaldehyde",NA,"","Resp",FALSE,FALSE,FALSE,FALSE
"79-09-4","Propionic Acid","Ethanol specific",NA,"Ethanol specific",NA,NA,NA,NA
"128-38-6","Proprionaldehyde","Ethanol specific",NA,"Ethanol specific",NA,NA,NA,NA
"115-07-1","Propylene",NA,"","Resp",FALSE,FALSE,FALSE,FALSE
"78-87-5","Propylene dichloride (1,2-Dichloropropane)",NA,"Resp","Resp",FALSE,FALSE,FALSE,FALSE
"107-98-2","Propylene Glycol Monomethyl Ether",NA,"Neuro","Neuro",FALSE,FALSE,FALSE,FALSE
"75-56-9","Propylene oxide","Resp , Repro , Eyes","","Resp",FALSE,FALSE,FALSE,FALSE
"930-55-2","Pyrrolidine, 1-Nitroso-",NA,"",NA,FALSE,FALSE,FALSE,TRUE
"7782-49-2","Selenium",NA,"","Digest, Cardio, Neuro",FALSE,FALSE,FALSE,FALSE
"0-01-9","Selenium Compounds",NA,"","Digest, Cardio, Neuro",FALSE,FALSE,FALSE,FALSE
"7631-86-9","Silica (crystalline, respirable, PM4)",NA,"","Resp",FALSE,FALSE,FALSE,FALSE
"1310-73-2","Sodium hydroxide","Resp , Eyes , Skin","",NA,FALSE,FALSE,FALSE,FALSE
"7789-06-2","Strontium chromate",NA,"Resp","Resp",FALSE,FALSE,FALSE,FALSE
"100-42-5","Styrene","Resp , Eyes","","Neuro",FALSE,FALSE,FALSE,FALSE
"14808-79-8","Sulfates","Resp","",NA,FALSE,FALSE,FALSE,FALSE
"126-33-0","Sulfolane",NA,"Resp, Neuro",NA,FALSE,FALSE,FALSE,FALSE
"7446-09-5","Sulfur dioxide","Resp","",NA,FALSE,FALSE,FALSE,FALSE
"7664-93-9","Sulfuric acid (aerosol forms only)","Resp","","Resp",FALSE,FALSE,FALSE,FALSE
"8014-95-7","Sulfuric Acid mixture w. sulfur trioxide (oleum)","Resp","",NA,FALSE,FALSE,FALSE,FALSE
"00-09-1","TCDD Eqivalents, 2,3,7,8-",NA,"","Liver, Repro, Resp, Blood",FALSE,FALSE,FALSE,FALSE
"1746-01-6","Tetrachlorodibenzo-p-dioxin, 2,3,7,8-",NA,"","Liver, Repro, Resp, Blood",TRUE,TRUE,FALSE,FALSE
"00-08-8","Tetrachlorodibenzodioxins, All Isomers",NA,"","Liver, Repro, Resp, Blood",TRUE,TRUE,FALSE,FALSE
"51207-31-9","Tetrachlorodibenzofuran, 2,3,7,8-",NA,"","Liver, Repro, Resp, Blood",TRUE,TRUE,FALSE,FALSE
"00-08-6","Tetrachlorodibenzofurans, All Isomers",NA,"","Liver, Repro, Resp, Blood",TRUE,TRUE,FALSE,FALSE
"630-20-6","Tetrachloroethane, 1,1,1,2-",NA,"",NA,TRUE,TRUE,FALSE,FALSE
"79-34-5","Tetrachloroethane, 1,1,2,2-",NA,"",NA,FALSE,FALSE,FALSE,FALSE
"127-18-4","Tetrachloroethylene (Perchloroethylene)","Resp , Neuro , Eyes","","Neuro",FALSE,FALSE,FALSE,FALSE
"811-97-2","Tetrafluoroethane, 1,1,1,2-",NA,"","Repro",FALSE,FALSE,FALSE,FALSE
"109-99-9","Tetrahydrofuran",NA,"","Liver, Neuro",FALSE,FALSE,FALSE,FALSE
"62-55-5","Thioacetamide",NA,"",NA,FALSE,FALSE,FALSE,FALSE
"108-88-3","Toluene","Resp , Neuro , Eyes","Systemic","Neuro, Resp",FALSE,FALSE,FALSE,FALSE
"91-08-7","Toluene-2,6-diisocyanate",NA,"","Resp",FALSE,FALSE,FALSE,FALSE
"95-80-7","Toluene diamine, 2,4-",NA,"",NA,FALSE,FALSE,FALSE,FALSE
"584-84-9","Toluene diisocyanate, 2,4-",NA,"","Resp",FALSE,FALSE,FALSE,FALSE
"26471-62-5","Toluenediisocyanate (mixed isomers)",NA,"","Resp",FALSE,FALSE,FALSE,FALSE
"8001-35-2","Toxaphene (chlorinated camphene)",NA,"",NA,FALSE,FALSE,TRUE,FALSE
"120-82-1","Trichlorobenzene, 1,2,4-",NA,"Blood","Repro",FALSE,FALSE,TRUE,FALSE
"79-00-5","Trichloroethane, 1,1,2-",NA,"Resp",NA,FALSE,FALSE,FALSE,FALSE
"79-01-6","Trichloroethylene","Repro","","Repro",FALSE,FALSE,FALSE,FALSE
"75-69-4","Trichlorofluoromethane (CFC-11)",NA,"Neuro",NA,FALSE,FALSE,FALSE,TRUE
"88-06-2","Trichlorophenol, 2,4,6-",NA,"",NA,FALSE,FALSE,FALSE,FALSE
"96-18-4","Trichloropropane, 1,2,3-",NA,"","Resp",FALSE,FALSE,FALSE,FALSE
"96-19-5","Trichloropropene, 1,2,3-",NA,"Resp","Eyes, Resp, Skin",FALSE,FALSE,FALSE,FALSE
"121-44-8","Triethylamine","Eyes","Resp","Resp",FALSE,FALSE,FALSE,FALSE
"526-73-8","Trimethylbenzene, 1,2,3-",NA,"Neuro","Neuro",FALSE,FALSE,FALSE,FALSE
"95-63-6","Trimethylbenzene, 1,2,4-",NA,"Blood","Blood",FALSE,FALSE,FALSE,FALSE
"1314-62-1","Vanadium Pentoxide, (V2O5)","Resp","Resp","Resp",FALSE,FALSE,FALSE,FALSE
"108-05-4","Vinyl acetate",NA,"","Resp",FALSE,FALSE,FALSE,FALSE
"593-60-2","Vinyl bromide",NA,"","Liver",FALSE,FALSE,FALSE,FALSE
"75-01-4","Vinyl chloride","Resp , Neuro , Eyes","","Liver",FALSE,FALSE,FALSE,FALSE
"1330-20-7","Xylenes","Resp , Neuro , Eyes","Neuro","Neuro, Resp",FALSE,FALSE,FALSE,FALSE
"108-38-3","Xylenes, m-","Resp , Neuro , Eyes","Neuro","Neuro, Resp",FALSE,FALSE,FALSE,FALSE
"95-47-6","Xylenes, o-","Resp , Neuro , Eyes","Neuro","Neuro, Resp",FALSE,FALSE,FALSE,FALSE
"106-42-3","Xylenes, p-","Resp , Eyes , Neuro","Neuro","Neuro, Resp",FALSE,FALSE,FALSE,FALSE
"13530-65-9","Zinc chromate",NA,"Resp","Resp",FALSE,FALSE,FALSE,FALSE
