"Is_surrogate","Group","CAS.Num","Pollutant.Name","Is_HAP","Acute.Tox.Value.Source","Acute.Reference.Conc...ug.m3.","Acute.General.Toxic.Endpoint","Acute.Specific.Toxic.Endpoint","Acute.Notes","Acute.Surrogate.CAS","Acute.Surrogate.Name","Chronic.Cancer.Tox.Value.Source","Chronic.Cancer.Unit.Risk..ug.m3..1","X10.5.Cancer.based.Air.Conc..ug.m3.","Chronic.Cancer.Notes","Chronic.Cancer.Surrogate.CAS","Chronic.Cancer.Surrogate.Name","Chronic.NonCancer.Tox.Value.Source","Chronic.NonCancer.Reference.Conc...ug.m3.","Chronic.NonCancer.General.Toxic.Endpoint","Chronic.NonCancer.Specific.Toxic.Endpoint","Chronic.NonCancer.Notes","Chronic.NonCancer.Surrogate.CAS","Chronic.NonCancer.Surrogate.Name","Subchronic.NonCancer.Tox.Value.Source","Subchronic.NonCancer.Reference.Conc...ug.m3.","Subchronic.NonCancer.General.Toxic.Endpoins","Subchronic.NonCancer.Specific.Toxic.Endpoints","Subchronic.NonCancer.Notes","Subchronic.NonCancer.Surrogate.CAS","Subchronic.NonCancer.Surrogate.Name"
"","ALD","75-07-0","Acetaldehyde","YES","CAL EPA","470","Eyes , Resp","Respiratory system; eyes","","","","HRV","2.2e-06","4.5","","","","IRIS","9","Resp","olfactory epithelium degeneration","","","","",NA,"","","","",""
"","","60-35-5","Acetamide","YES","",NA,"","","","","","CAL EPA","2e-05","0.5","","","","",NA,"","","","","","",NA,"","","","",""
"","","75-86-5","Acetone Cyanohydrin","NO","",NA,"","","","","","",NA,NA,"","","","",NA,"","","","","","PPRTV","20","Resp","respiratory","","",""
"","","75-05-8","Acetonitrile","YES","",NA,"","","","","","",NA,NA,"","","","HRV","60","Systemic","mortality","","","","",NA,"","","","",""
"","","107-02-8","Acrolein","YES","HBV","5","Resp , Eyes","eye irritant (respiratory)","10","","","",NA,NA,"","","","HBV","0.4","Resp","upper respiratory system","10","","","HBV","1","Resp","Upper respiratory","10","",""
"","","79-06-1","Acrylamide","YES","",NA,"","","","","","IRIS","1e-04","0.1","","","","IRIS","6","Neuro","degenerative nerve changes","","","","",NA,"","","","",""
"","","79-10-7","Acrylic acid","YES","CAL EPA","6000","Resp , Eyes","respiratory system; eye","","","","",NA,NA,"","","","IRIS","1","Resp","olfactory epithelium degeneration","","","","HRV","3","Resp","Upper respiratory","","",""
"","","107-13-1","Acrylonitrile","YES","",NA,"","","","","","HRV","6.8e-05","0.15","","","","IRIS","2","Resp","nasal inflammation and degeneration of epithelium","","","","",NA,"","","","",""
"","","111-69-3","Adiponitrile","NO","",NA,"","","","","","",NA,NA,"","","","PPRTV","6","Blood","Slight anemia without any nonneoplastic lesions","","","","PPRTV","60","Blood","Slight anemia without any nonneoplastic lesions","","",""
"SUR","ALD","00-07-9","Aldehydes","Some","HRV","94","Resp , Eyes","irritant - eye and respiratory system","4","50-00-0","Formaldehyde","MDH","5e-06","2","8","50-00-0","Formaldehyde","CAL EPA","0.08","Resp","Respiratory system","","111-30-8","Glutaraldehyde","",NA,"","","","",""
"","","309-00-2","Aldrin","NO","",NA,"","","","","","IRIS","0.0049","0.002","","","","",NA,"","","","","","",NA,"","","","",""
"","","VARIOUS","Aliphatic Hydrocarbon Streams (Midrange)","NO","",NA,"","","","","","",NA,NA,"","","","PPRTV","100","Resp","Goblet cell hypertrophy","","","","",NA,"","","","",""
"","","75-85-4","Amyl Alcohol, tert-","NO","",NA,"","","","","","",NA,NA,"","","","",NA,"","","","","","PPRTV","30","Liver","Increased absolute liver weight","","",""
"","","107-05-1","Allyl chloride","YES","",NA,"","","","","","CAL EPA","6e-06","1.7","","","","IRIS","1","Neuro","neurotoxicity","","","","HRV","10","Neuro","nervous system","","",""
"","","7429-90-5","Aluminum","NO","",NA,"","","","","","",NA,NA,"","","","PPRTV","5","Neuro","Psychomotor and cognitive impairment","","","","",NA,"","","","",""
"","","117-79-3","Aminoanthraquinone, 2-","NO","",NA,"","","","","","CAL EPA","9.4e-06","1.1","","","","",NA,"","","","","","",NA,"","","","",""
"","","7664-41-7","Ammonia","NO","HRV","3200","Resp , Eyes","irritant - eye and respiratory system","","","","",NA,NA,"","","","HRV","80","Resp","upper and lower respiratory system","","","","PPRTV","100","Resp","Pulmonary","","",""
"","","62-53-3","Aniline","YES","",NA,"","","","","","CAL EPA","1.6e-06","6.3","","","","IRIS","1","Systemic","none observed","","","","",NA,"","","","",""
"","","191-26-4","Anthanthrene","NO","",NA,"","","","","","MDH","0.00072","0.014","","","","",NA,"","","","","","",NA,"","","","",""
"SUR","Sb","7440-36-0","Antimony","YES","",NA,"","","","","","",NA,NA,"","","","HRV","0.2","Resp","lower respiratory system","0","1309-64-4","Antimony trioxide","",NA,"","","","",""
"SUR","Sb","0-00-1","Antimony Compounds","YES","",NA,"","","","","","",NA,NA,"","","","HRV","0.2","Resp","lower respiratory system","0","1309-64-4","Antimony trioxide","",NA,"","","","",""
"","Sb","1309-64-4","Antimony trioxide","YES","",NA,"","","","","","",NA,NA,"","","","HRV","0.2","Resp","lower respiratory system","","","","PPRTV","0.2","Resp","Increased incidence of alveolar and intraalveolar macrophages.","","",""
"","","140-57-8","Aramite","NO","",NA,"","","","","","IRIS","7.1e-06","1.4","","","","",NA,"","","","","","",NA,"","","","",""
"","As","7440-38-2","Arsenic","YES","CAL EPA","0.2","Neuro , Cardio , Repro","Developmental; cardiovascular system; nervous system","","","","HRV","0.0043","0.0023","","","","CAL EPA","0.015","Repro , Cardio , Neuro, Skin","Development; cardiovascular system; nervous system; respiratory; skin","","","","",NA,"","","","",""
"SUR","As","0-00-2","Arsenic Compounds","YES","CAL EPA","0.2","Repro , Cardio , Neuro","Developmental; cardiovascular system; nervous system","","7440-38-2","Arsenic","HRV","0.0043","0.0023","","7440-38-2","Arsenic","CAL EPA","0.015","Repro , Cardio , Neuro, Skin","Development; cardiovascular system; nervous system; respiratory; skin","","7440-38-2","Arsenic","",NA,"","","","",""
"SUR","As","1327-53-3","Arsenic Trioxide","YES","CAL EPA","0.2","Repro , Cardio , Neuro","Developmental; cardiovascular system; nervous system","","7440-38-2","Arsenic","HRV","0.0043","0.0023","","7440-38-2","Arsenic","CAL EPA","0.015","Repro , Cardio , Neuro, Skin","Development; cardiovascular system; nervous system; respiratory; skin","","7440-38-2","Arsenic","",NA,"","","","",""
"SUR","As","7784-42-1","Arsine","YES","HRV","200","Blood","hematologic","5","","","HRV","0.0043","0.0023","","7440-38-2","Arsenic","IRIS","0.05","Blood","hematological effects, increased spleen weight","","","","HRV","0.1","Blood","hematologic system","","",""
"","","123-77-3","Azodicarbonamide","NO","",NA,"","","","","","",NA,NA,"","","","PPRTV","0.007","Resp","respiratory","","","","PPRTV","0.007","Resp","Decrements in lung function","","",""
"","","71-43-2","Benzene","YES","HRV","1000","Repro","Reproductive/developmental","","","","HRV","7.8e-06","1.3","","","","IRIS","30","Blood","decreased lymphocyte count","","","","PPRTV","80","Blood","Decreased lymphocyte count","","",""
"","","92-87-5","Benzidine","YES","",NA,"","","","","","HRV","0.067","0.00015","","","","",NA,"","","","","","",NA,"","","","",""
"","PAH","202-94-8","11H-Benz[b,c]aceanthrylene","YES","",NA,"","","","","","HRV","9e-05","0.11","","","","",NA,"","","","","","",NA,"","","","",""
"","PAH","199-54-2","Benz[e]aceanthrylene","YES","",NA,"","","","","","MDH","0.0014","0.0071","","","","",NA,"","","","","","",NA,"","","","",""
"","PAH","202-33-5","Benz[j]aceanthryIene","YES","",NA,"","","","","","MDH","0.11","9.1e-05","","","","",NA,"","","","","","",NA,"","","","",""
"","PAH","211-91-6","Benz[l]aceanthryIene","YES","",NA,"","","","","","MDH","0.009","0.0011","","","","",NA,"","","","","","",NA,"","","","",""
"","PAH","205-82-3","Benzo(j)fluoranthene","YES","",NA,"","","","","","MDH","0.00054","0.019","","","","",NA,"","","","","","",NA,"","","","",""
"","PAH","207-08-09","Benzo(k)fluoranthene","YES","",NA,"","","","","","MDH","5.4e-05","0.19","","","","",NA,"","","","","","",NA,"","","","",""
"","PAH","56-55-3","Benzo[a]anthracene","YES","",NA,"","","","","","MDH","0.00036","0.028","","","","",NA,"","","","","","",NA,"","","","",""
"","PAH","50-32-8","Benzo[a]pyrene","YES","",NA,"","","","","","MDH","0.0018","0.0056","","","","",NA,"","","","","","",NA,"","","","",""
"","PAH","205-99-2","Benzo[b]fluoranthene","YES","",NA,"","","","","","MDH","0.0014","0.0071","","","","",NA,"","","","","","",NA,"","","","",""
"","PAH","205-12-9","Benzo[c]fluorene","YES","",NA,"","","","","","MDH","0.036","0.00028","","","","",NA,"","","","","","",NA,"","","","",""
"","PAH","191-24-2","Benzo[g,h,i]perylene","YES","",NA,"","","","","","MDH","1.6e-05","0.63","","","","",NA,"","","","","","",NA,"","","","",""
"","","100-44-7","Benzyl chloride","YES","CAL EPA","240","Resp , Eyes","respiratory system; eye","","","","CAL EPA","4.9e-05","0.2","","","","PPRTV","1","Systemic","Lesions","","","","PPRTV","4","Systemic","Lesions","","",""
"","Be","7440-41-7","Beryllium","YES","",NA,"","","","","","HRV","0.0024","0.0042","","","","IRIS","0.02","Blood, Resp","beryllium sensitization and progression to CBD","","","","",NA,"","","","",""
"SUR","Be","0-00-3","Beryllium Compounds","YES","",NA,"","","","","","HRV","0.0024","0.0042","","7440-41-7","Beryllium","IRIS","0.02","Blood, Resp","beryllium sensitization and progression to CBD","","7440-41-7","Beryllium","",NA,"","","","",""
"","","92-52-4","Biphenyl, 1,1-","YES","",NA,"","","","","","",NA,NA,"","","","",NA,"","","","","","PPRTV","4","Resp","Congestion and Edema","","",""
"","","117-81-7","Bis(2-ethylhexyl)phthalate (DEHP)","YES","",NA,"","","","","","CAL EPA","2.4e-06","4.2","","","","",NA,"","","","","","",NA,"","","","",""
"","","542-88-1","Bis(chloromethyl)ether","YES","",NA,"","","","","","HRV","0.062","0.00016","","","","",NA,"","","","","","",NA,"","","","",""
"","","10294-34-5","Boron Trichloride","NO","",NA,"","","","","","",NA,NA,"","","","PPRTV","20","Resp","respiratory","","","","PPRTV","20","Resp","respiratory","","",""
"","","108-86-1","Bromobenzene","NO","",NA,"","","","","","",NA,NA,"","","","IRIS","60","Liver, Kidney, Resp","hepatocellular (liver) cytomegaly, kidney, lung","","","","IRIS","200","Liver, Kidney, Resp","hepatocellular (liver) cytomegaly, kidney, lung","","",""
"","","74-97-5","Bromochloromethane","NO","",NA,"","","","","","",NA,NA,"","","","",NA,"","","","","","PPRTV","100","Liver","Increased relative liver weight","","",""
"","","75-25-2","Bromoform","YES","",NA,"","","","","","IRIS","1.1e-06","9.1","","","","",NA,"","","","","","",NA,"","","","",""
"","","106-94-5","Bromopropane, 1-","NO","HBV","50000","Repro","developmental / reproductive","10","","","",NA,NA,"","","","HBV","20","Resp","respiratory","10","","","HBV","4000","Neuro","nervous system","10","",""
"","","106-99-0","Butadiene, 1,3-","YES","CAL EPA","660","Repro","Developmental","","","","HBV","5.9e-05","0.17","10","","","IRIS","2","Repro","Reproductive system","","","","",NA,"","","","",""
"","","78-92-2","Butyl alcohol, sec-","NO","",NA,"","","","","","",NA,NA,"","","","PPRTV","30000","Repro","Reduced fetal body weight","","","","PPRTV","30000","Repro","Reduced fetal body weight","","",""
"","","111-76-2","Butyl Cellosolve (ethylene glycol monobutyl ether)","NO","CAL EPA","14000","Resp , Eyes","irritant - eye and respiratory system","","","","",NA,NA,"","","","HRV","13000","Blood","hematologic system","","","","",NA,"","","","",""
"","Cd","7440-43-9","Cadmium","YES","",NA,"","","","","","HRV","0.0018","0.0056","","","","CAL EPA","0.02","Kidney, Resp","Kidney; respiratory system","","","","",NA,"","","","",""
"SUR","Cd","0-00-4","Cadmium Compounds","YES","",NA,"","","","","","HRV","0.0018","0.0056","","7440-43-9","Cadmium","CAL EPA","0.02","Kidney, Resp","Kidney; respiratory system","","7440-43-9","Cadmium","",NA,"","","","",""
"","","105-60-2","Caprolactum","NO","CAL EPA","50","Eyes","Eyes","","","","",NA,NA,"","","","CAL EPA","2.2","Resp","Upper respiratory system","","","","",NA,"","","","",""
"","","75-15-0","Carbon disulfide","YES","HRV","6000","Repro","Reproductive/developmental","","","","",NA,NA,"","","","HRV","700","Neuro","nervous system","","","","",NA,"","","","",""
"","","630-08-0","Carbon Monoxide","NO","CAL EPA","23000","Cardio","Cardiovascular system","","","","",NA,NA,"","","","",NA,"","","","","","",NA,"","","","",""
"","","56-23-5","Carbon tetrachloride","YES","CAL EPA","1900","Repro , Neuro , Liver , Digest","developmental,Alimentary (liver), reproductive, nervous system","","","","IRIS","6e-06","1.7","","","","IRIS","100","Digest, Repro, Neuro","Alimentary system; development; nervous system","","","","",NA,"","","","",""
"","Glycol","111-15-9","Cellosolve Acetate (ethylene glycol monoethyl ether acetate)","NO","HRV","100","Repro","Reproductive/developmental","","","","",NA,NA,"","","","CAL EPA","300","Repro","Development","","","","PPRTV","60","Repro","Unossified anterior arch in fetal rats","","",""
"","","1306-38-3","Cerium Oxide and Cerium Compounds","NO","",NA,"","","","","","",NA,NA,"","","","IRIS","0.9","Resp","Lungs","","","","",NA,"","","","",""
"","","12789-03-6","Chlordane or (57-74-9)","YES","",NA,"","","","","","IRIS","1e-04","0.1","","","","IRIS","0.7","Liver","Hepatic effects","","","","HRV","7","Liver","hepatic system","","",""
"","","108171-26-2","Chlorinated Paraffins (C12, 60% Chlorine)","NO","",NA,"","","","","","CAL EPA","2.5e-05","0.4","","","","",NA,"","","","","","",NA,"","","","",""
"","","7782-50-5","Chlorine","YES","HRV","290","Resp","irritant - respiratory system","","","","",NA,NA,"","","","CAL EPA","0.2","Resp","Respiratory system","","","","",NA,"","","","",""
"","","10049-04-4","Chlorine Oxide (CLO2)","NO","",NA,"","","","","","",NA,NA,"","","","IRIS","0.2","Resp","lung effects","","","","HRV","0.6","Resp","lower respiratory system","","",""
"","","75-68-3","Chloro-1,1-difluoroethane, 1- (HCFC-142b)","NO","",NA,"","","","","","",NA,NA,"","","","IRIS","50000","Systemic","none observed","","","","",NA,"","","","",""
"","","532-27-4","Chloroacetophenone, 2-","YES","",NA,"","","","","","",NA,NA,"","","","HRV","0.03","Resp","upper and lower respiratory system","","","","",NA,"","","","",""
"","","108-90-7","Chlorobenzene","YES","",NA,"","","","","","",NA,NA,"","","","CAL EPA","1000","Digest, Kidney, Repro","Alimentary system; kidney; reproductive system","","","","PPRTV","500","Liver","Increased weight and hepatocellualr hypertrophyIncreased weights, tubule dilation, inflamation of the interstitial cells, and regeneration of the epithelium in males","","",""
"","","98-56-6","Chlorobenzotrifluoride, 4-","NO","",NA,"","","","","","",NA,NA,"","","","PPRTV","300","Liver, Blood","Hepatocellular hypertrophy, increased liver weight, minor changes in serum chemistry (small increase in serum ATL)","","","","PPRTV","3000","Liver","Hepatocellular hypertrophy, increased liver weight, minor changes in serum chemistry (small increase in serum ATL)","","",""
"","","75-45-6","Chlorodifluoromethane (HCFC-22)","NO","",NA,"","","","","","",NA,NA,"","","","IRIS","50000","Kidney, Repro","increased kidney, adrenal, pituitary weight, reduced materinal weight gain","","","","",NA,"","","","",""
"","","67-66-3","Chloroform","YES","HRV","150","Repro","Reproductive/developmental","","","","IRIS","2.3e-05","0.43","10","","","CAL EPA","300","Digest, Kidney, Repro","Alimentary system; kidney; development","","","","",NA,"","","","",""
"","","100-00-5","Chloronitrobenzene, p-","NO","",NA,"","","","","","",NA,NA,"","","","PPRTV","0.6","Blood","Methemoglobinemia, structural abnormalities in erythrocytes, and splenic effects","","","","PPRTV","6","Liver, Blood","Methemoglobinemia, structural abnormalities in erythrocytes, and splenic effects","","",""
"","","95-83-0","Chloro-o-phenylenediamine, 4-","NO","",NA,"","","","","","CAL EPA","4.6e-06","2.2","","","","",NA,"","","","","","",NA,"","","","",""
"","","95-69-2","Chloro-o-toluidine, p-","NO","",NA,"","","","","","CAL EPA","7.7e-05","0.13","","","","",NA,"","","","","","",NA,"","","","",""
"","","76-06-2","Chloropicrin","NO","CAL EPA","29","Resp , Eyes","respiratory system; eye","","","","",NA,NA,"","","","CAL EPA","0.4","Resp","Respiratory system","","","","",NA,"","","","",""
"","","126-99-8","Chloroprene","YES","",NA,"","","","","","IRIS","3e-04","0.033","","","","IRIS","20","Resp, Blood","olfactory atrophy, aveolar hyperplasia and splenic hematopoietic proliferation","","","","",NA,"","","","",""
"SUR","Cr","7440-47-3","Chromium","YES","",NA,"","","","","","HRV","0.012","0.00083","","","","IRIS","0.008","Resp","nasal septum atrophy","","","","HRV","0.02","Resp","Upper and lower respiratory","","",""
"","Cr","18540-29-9","Chromic acid mists and dissolved Cr(VI) aerosols","YES","",NA,"","","","","","HRV","0.012","0.00083","","","","IRIS","0.008","Resp","nasal septum atrophy","","","","HRV","0.02","Resp","Upper and lower respiratory","","",""
"","Cr","18540-29-9","Chromium (Hexavalent) (particulate)","YES","",NA,"","","","","","HRV","0.012","0.00083","","","","IRIS","0.1","Resp","lower respiratory system","","","","HRV","1","Resp","Lower respiratory","","",""
"SUR","Cr","0-00-5","Chromium Compounds","YES","",NA,"","","","","","HRV","0.012","0.00083","","18540-29-9","Chromic acid mists and dissolved Cr(VI) aerosols","IRIS","0.008","Resp","nasal septum atrophy","","18540-29-9","Chromic acid mists and dissolved Cr(VI) aerosols","HRV","0.02","Resp","Upper and lower respiratory","0","18540-29-9","Chromic acid mists and dissolved Cr(VI) aerosols"
"","PAH","218-01-9","Chrysene (Benzo(a)phenanthrene)","YES","",NA,"","","","","","MDH","0.00018","0.056","","","","",NA,"","","","","","",NA,"","","","",""
"SUR","","8007-45-2","Coal Tar","NO","",NA,"","","","","","HRV","0.00062","0.016","","0-00-7","Coke Oven Emissions","",NA,"","","","","","",NA,"","","","",""
"","","7440-48-4","Cobalt","YES","",NA,"","","","","","PPRTV","0.009","0.0011","","","","PPRTV","0.006","Systemic","Irritation Decreased function","","","","PPRTV","0.02","Systemic","Irritation Decreased function","","",""
"","","0-00-7","Coke Oven Emissions","YES","",NA,"","","","","","HRV","0.00062","0.016","","","","",NA,"","","","","","",NA,"","","","",""
"","Cu","7440-50-8","Copper","NO","CAL EPA","100","Resp","respiratory system","","","","",NA,NA,"","","","",NA,"","","","","","",NA,"","","","",""
"SUR","Cu","00-03-1","Copper Compounds","NO","CAL EPA","100","Resp","respiratory system","","7440-50-8","Copper","",NA,NA,"","","","",NA,"","","","","","",NA,"","","","",""
"","","120-71-8","Cresidine, p-","NO","",NA,"","","","","","CAL EPA","4.3e-05","0.23","","","","",NA,"","","","","","",NA,"","","","",""
"SUR","Cresols","108-39-4","Cresol, m-","YES","",NA,"","","","","","",NA,NA,"","","","CAL EPA","600","Neuro","Nervous system","","1319-77-3","Cresols/Cresylic acid (isomers and mixture)","",NA,"","","","",""
"SUR","Cresols","95-48-7","Cresol, o-","YES","",NA,"","","","","","",NA,NA,"","","","CAL EPA","600","Neuro","Nervous system","","1319-77-3","Cresols/Cresylic acid (isomers and mixture)","",NA,"","","","",""
"SUR","Cresols","106-44-5","Cresol, p-","YES","",NA,"","","","","","",NA,NA,"","","","CAL EPA","600","Neuro","Nervous system","","1319-77-3","Cresols/Cresylic acid (isomers and mixture)","",NA,"","","","",""
"","Cresol","1319-77-3","Cresols/Cresylic acid (isomers and mixture)","YES","",NA,"","","","","","",NA,NA,"","","","CAL EPA","600","Neuro","Nervous system","","","","",NA,"","","","",""
"","","98-82-8","Cumene","YES","",NA,"","","","","","",NA,NA,"","","","IRIS","400","Kidney","increased kidney and adrenal weights","","","","HRV","4000","Kidney, Repro","renal and endocrine systems","","",""
"","","135-20-6","Cupferron","NO","",NA,"","","","","","CAL EPA","6.3e-05","0.16","","","","",NA,"","","","","","",NA,"","","","",""
"SUR","CN","57-12-5","Cyanide (Cyanide ion, Inorganic cyanides, Isocyanide)","YES","HRV","700","Neuro","CNS","5","74-90-8","Hydrogen cyanide","",NA,NA,"","","","HRV","3","Neuro, Repro","nervous/endocrine systems","","74-90-8","Hydrogen cyanide","",NA,"","","","",""
"SUR","CN","0-00-8","Cyanide Compounds","YES","HRV","700","Neuro","CNS","5","74-90-8","Hydrogen cyanide","",NA,NA,"","","","HRV","3","Neuro, Repro","nervous/endocrine systems","","74-90-8","Hydrogen cyanide","",NA,"","","","",""
"","","110-82-7","Cyclohexane","NO","",NA,"","","","","","",NA,NA,"","","","IRIS","6000","Repro","developmental (reduced pup weights)","","","","PPRTV","18000","Repro","Reduced body weight of pups","","",""
"","","109-94-1","Cyclohexanone","NO","",NA,"","","","","","",NA,NA,"","","","PPRTV","700","Systemic","Systemic: Adverse clinical signs (salivation, conjunctival congestion and irritation, lacrimation, lethargy)","","","","PPRTV","7000","Systemic","Adverse clinical signs (salivation, conjunctival congestion and irritation, lacrimation, lethargy)","","",""
"","","27208-37-3","Cyclopenta[c,d]pyrene","NO","",NA,"","","","","","MDH","0.00072","0.014","","","","",NA,"","","","","","",NA,"","","","",""
"","","202-98-2","4H-Cyclopenta[d,e,f]chrysene","YES","",NA,"","","","","","MDH","0.00054","0.019","","","","",NA,"","","","","","",NA,"","","","",""
"","","50-29-3","DDT","NO","",NA,"","","","","","IRIS","9.7e-05","0.1","","","","",NA,"","","","","","",NA,"","","","",""
"","","615-05-4","Diaminoanisole, 2,4-","NO","",NA,"","","","","","CAL EPA","6.6e-06","1.5","","","","",NA,"","","","","","",NA,"","","","",""
"","","103-33-3","Diazene, Diphenyl","NO","",NA,"","","","","","IRIS","3.1e-05","0.32","","","","",NA,"","","","","","",NA,"","","","",""
"","PAH","226-36-8","Dibenz(a,h)acridine","YES","",NA,"","","","","","MDH","0.00018","0.056","","","","",NA,"","","","","","",NA,"","","","",""
"","PAH","224-42-0","Dibenz(a,j)acridine","YES","",NA,"","","","","","MDH","0.00018","0.056","","","","",NA,"","","","","","",NA,"","","","",""
"","PAH","53-70-3","Dibenz[a,h]anthracene","YES","",NA,"","","","","","MDH","0.018","0.00056","","","","",NA,"","","","","","",NA,"","","","",""
"","PAH","5385-75-1","Dibenzo[a,e]fluoranthene","YES","",NA,"","","","","","MDH","0.0016","0.0063","","","","",NA,"","","","","","",NA,"","","","",""
"","PAH","192-65-4","Dibenzo(a,e)pyrene","YES","",NA,"","","","","","MDH","0.00072","0.014","","","","",NA,"","","","","","",NA,"","","","",""
"","PAH","189-64-0","Dibenzo(a,h)pyrene","YES","",NA,"","","","","","MDH","0.0016","0.0063","","","","",NA,"","","","","","",NA,"","","","",""
"","PAH","191-30-0","Dibenzo(a,l)pyrene","YES","",NA,"","","","","","MDH","0.054","0.00019","","","","",NA,"","","","","","",NA,"","","","",""
"","PAH","194-59-2","Dibenzo(c,g)carbazole, 7H-","YES","",NA,"","","","","","MDH","0.0018","0.0056","","","","",NA,"","","","","","",NA,"","","","",""
"","PAH","189-55-9","Dibenzo[a,i]pyrene","YES","",NA,"","","","","","MDH","0.0011","0.0091","","","","",NA,"","","","","","",NA,"","","","",""
"","","96-12-8","Dibromo-3-chloropropane, 1,2-","YES","",NA,"","","","","","CAL EPA","0.002","0.005","","","","IRIS","0.2","Repro","testicular effects","","","","HRV","2","Repro","male reproductive system","","",""
"","","106-46-7","Dichlorobenzene(p), 1,4-","YES","",NA,"","","","","","CAL EPA","1.1e-05","0.91","","","","IRIS","800","Liver","increased liver weight","","","","HRV","800","Liver","hepatic system","","",""
"SUR","","25321-22-6","Dichlorobenzenes","Some","",NA,"","","","","","CAL EPA","1.1e-05","0.91","","106-46-7","Dichlorobenzene(p), 1,4-","IRIS","800","Liver","increased liver weight","","106-46-7","Dichlorobenzene(p), 1,4-","HRV","800","Liver","hepatic system","0","106-46-7","Dichlorobenzene(p), 1,4-"
"","","91-94-1","Dichlorobenzidene, 3,3-","YES","",NA,"","","","","","CAL EPA","0.00034","0.029","","","","",NA,"","","","","","",NA,"","","","",""
"","","764-41-0","Dichloro-2-butene, 1,4-","NO","",NA,"","","","","","PPRTV","0.0042","0.0024","","","","",NA,"","","","","","",NA,"","","","",""
"","","1476-11-5","Dichloro-2-butene, cis-1,4-","NO","",NA,"","","","","","PPRTV","0.0042","0.0024","","","","",NA,"","","","","","",NA,"","","","",""
"","","75-71-8","Dichlorodifluoromethane (CFC-12)","NO","",NA,"","","","","","",NA,NA,"","","","",NA,"","","","","","PPRTV","1000","Systemic","decreased body weight gain","","",""
"","","111-44-4","Dichloroethyl ether (Bis(2-chloroethyl)ethe","YES","",NA,"","","","","","IRIS","0.00033","0.03","","","","",NA,"","","","","","",NA,"","","","",""
"","","75-35-4","Dichloroethylene (1,1-) (Vinylidene chloride)","YES","",NA,"","","","","","",NA,NA,"","","","IRIS","200","Liver","Liver","","","","",NA,"","","","",""
"","","156-60-5","Dichloroethylene, trans-1,2-","NO","",NA,"","","","","","",NA,NA,"","","","PPRTV","60","Resp","Pulmonary capillary hyperemia and distension of the alveolar septumFatty degeneration","","","","",NA,"","","","",""
"","","542-75-6","Dichloropropene, 1,3-","YES","",NA,"","","","","","IRIS","4e-06","2.5","","","","HRV","20","Resp","upper respiratory system","","","","",NA,"","","","",""
"","","62-73-7","Dichlorvos","YES","",NA,"","","","","","",NA,NA,"","","","HRV","0.5","Neuro","nervous system","","","","",NA,"","","","",""
"","","77-73-6","Dicyclopentadiene","NO","",NA,"","","","","","",NA,NA,"","","","",NA,"","","","","","HRV","3","Kidney","renal system","","",""
"","","60-57-1","Dieldrin","NO","",NA,"","","","","","IRIS","0.0046","0.0022","10","","","",NA,"","","","","","",NA,"","","","",""
"","","0-02-4","Diesel exhaust particulate","NO","",NA,"","","","","","",NA,NA,"","","","HRV","5","Resp","lower respiratory system","6","","","",NA,"","","","",""
"","","111-42-2","Diethanolamine","YES","",NA,"","","","","","",NA,NA,"","","","CAL EPA","3","Resp, Blood","Respiratory system, hematologic","","","","PPRTV","2","Systemic","Increased incidence of squamous metaplasia (level 1) in males","","",""
"","Glycol","112-34-5","Diethylene Glycol Monobutyl Ether","NO","",NA,"","","","","","",NA,NA,"","","","PPRTV","0.1","Liver","Hepatocellular vacuolization","","","","PPRTV","1","Liver","Hepatocellular vacuolization","","",""
"","","111-90-0","Diethylene Glycol Monoethyl Ether","NO","",NA,"","","","","","",NA,NA,"","","","PPRTV","0.3","Skin","Irritation","","","","PPRTV","3","Systemic","Irritation","","",""
"","","75-37-6","Difluoroethane, 1,1-","NO","",NA,"","","","","","",NA,NA,"","","","IRIS","40000","Systemic","none observed","","","","",NA,"","","","",""
"","","108-20-3","Diisopropyl Ether","NO","",NA,"","","","","","",NA,NA,"","","","PPRTV","700","Systemic","Increased weight and toxicity","","","","PPRTV","700","Repro","Rudimentary and short 14th ribs in fetal rats","","",""
"","","60-11-7","Dimethyl aminoazobenzene","YES","",NA,"","","","","","CAL EPA","0.0013","0.0077","","","","",NA,"","","","","","",NA,"","","","",""
"","","68-12-2","Dimethyl formamide","YES","",NA,"","","","","","",NA,NA,"","","","HRV","30","Liver","hepatic system","","","","PPRTV","70","Liver","Elevated liver enzyme changes","","",""
"","","108-01-0","Dimethylamino ethanol, 2-","NO","",NA,"","","","","","",NA,NA,"","","","",NA,"","","","","","HRV","70","Resp","Upper respiratory","","",""
"","PAH","57-97-6","Dimethylbenz[a]anthracene, 7,12-","YES","",NA,"","","","","","",NA,NA,"","","","",NA,"","","","","","",NA,"","","","",""
"","","57-14-7","Dimethylhydrazine, 1,1-","YES","",NA,"","","","","","",NA,NA,"","","","",NA,"","","","","","PPRTV","0.008","Repro","Endometrial cysts","","",""
"","PAH","42397-64-8","Dinitropyrene, 1,6- (BaP)","YES","",NA,"","","","","","MDH","0.018","0.00056","","","","",NA,"","","","","","",NA,"","","","",""
"","PAH","42397-65-9","Dinitropyrene, 1,8- (BaP)","YES","",NA,"","","","","","MDH","0.0018","0.0056","","","","",NA,"","","","","","",NA,"","","","",""
"","","121-14-2","Dinitrotoluene, 2,4-","YES","",NA,"","","","","","CAL EPA","8.9e-05","0.11","","","","",NA,"","","","","","",NA,"","","","",""
"","","123-91-1","Dioxane, 1,4- (1,4-Diethylene dioxide)","YES","HRV","3000","Eyes , Resp","irritant - eye and nasal","","","","IRIS","5e-06","2","","","","IRIS","30","Digest, Kidney, Cardio","Alimentary system; kidney; cardiovascular system","","","","",NA,"","","","",""
"","","122-66-7","Diphenylhydrazine, 1,2-","YES","",NA,"","","","","","IRIS","0.00022","0.045","","","","",NA,"","","","","","",NA,"","","","",""
"","","106-89-8","Epichlorohydrin (l-Chloro-2,3-epoxypropane)","YES","CAL EPA","1300","Resp , Eyes","eye and respiratory system","","","","HRV","1.2e-06","8.3","","","","IRIS","1","Resp","nasal turbinate changes","","","","PPRTV","10","Resp","Changes in the nasal turbinates","","",""
"","","106-88-7","Epoxybutane, 1,2-","YES","",NA,"","","","","","",NA,NA,"","","","HRV","20","Resp","upper respiratory system","","","","",NA,"","","","",""
"","","140-88-5","Ethyl Acrylate","YES","",NA,"","","","","","",NA,NA,"","","","",NA,"","","","","","PPRTV","8","Resp","Dose-dependent histopathological lesions of the olfactory tract, including respiratory metaplasia.","","",""
"","Glycol","110-80-5","Ethoxyethanol, 2- (ethylene glycol monoethyl ether)","YES","HRV","400","Repro","Reproductive/developmental","","","","",NA,NA,"","","","IRIS","200","Repro","decreased testis weight, seminiferous tubule degen","","","","HRV","60","Repro, Blood","male reproductive and hematologic systems","","",""
"","","100-41-4","Ethyl benzene","YES","HRV","10000","Repro","Reproductive/developmental","","","","CAL EPA","2.5e-06","4","","","","IRIS","1000","Repro","developmental toxicity","","","","PPRTV","9000","Auditory","Histopathological evidence of otoxicity without functional changes in audiometric threshold.","","",""
"","","51-79-6","Ethyl carbamate (Urethane)","YES","",NA,"","","","","","CAL EPA","0.00029","0.034","","","","",NA,"","","","","","",NA,"","","","",""
"","","75-00-3","Ethyl chloride (Chloroethane)","YES","HRV","1e+05","Repro","Reproductive/developmental","","","","",NA,NA,"","","","IRIS","10000","Repro","delayed fetal ossification","","","","PPRTV","4000","Repro","Delayed fetal ossification","","",""
"","","97-63-2","Ethyl Methacrylate","NO","",NA,"","","","","","",NA,NA,"","","","PPRTV","300","Repro","Decreased in maternal body weight gain","","","","PPRTV","3000","Repro","Decrease in maternal body weight gain","","",""
"","","106-93-4","Ethylene dibromide (Dibromoethane)","YES","",NA,"","","","","","HRV","0.00022","0.045","","","","IRIS","9","Resp","Nasal inflammation","","","","",NA,"","","","",""
"","","107-06-2","Ethylene dichloride (1,2-Dichloroethane)","YES","",NA,"","","","","","IRIS","2.6e-05","0.38","","","","CAL EPA","400","Liver","Hepatic system (liver)","","","","PPRTV","70","Neuro","Neurobehavioral impairment","","",""
"","","107-21-1","Ethylene glycol","YES","",NA,"","","","","","",NA,NA,"","","","CAL EPA","400","Resp, Kidney","Respiratory system; kidney; development","","","","",NA,"","","","",""
"","","75-21-8","Ethylene oxide","YES","",NA,"","","","","","CAL EPA","8.8e-05","0.11","","","","CAL EPA","30","Neuro","Nervous system","","","","",NA,"","","","",""
"","","96-45-7","Ethylene thiourea","YES","",NA,"","","","","","CAL EPA","1.3e-05","0.77","","","","",NA,"","","","","","",NA,"","","","",""
"","","75-34-3","Ethylidene dichloride (1,1-Dichloroethane)","YES","",NA,"","","","","","CAL EPA","1.6e-06","6.3","","","","",NA,"","","","","","",NA,"","","","",""
"","","206-44-0","Fluoranthene","YES","",NA,"","","","","","MDH","0.00014","0.071","","","","",NA,"","","","","","",NA,"","","","",""
"","","1101","Fluorides (except hydrogen fluoride)","NO","",NA,"","","","","","",NA,NA,"","","","CAL EPA","13","Bone/Teeth, Resp","Bone, teeth and respiratory","","","","",NA,"","","","",""
"","ALD","50-00-0","Formaldehyde","YES","HRV","94","Resp , Eyes","irritant - eye and respiratory system","4","","","MDH","5e-06","2","8","","","CAL EPA","9","Resp","Respiratory system;","4","","","",NA,"","","","",""
"","","64-18-6","Formic Acid","NO","",NA,"","","","","","",NA,NA,"","","","",NA,"","","","","","PPRTV","0.9","Blood","Neutropenia and increased serum alkaline phosphatase","","",""
"","ALD","111-30-8","Glutaraldehyde","NO","",NA,"","","","","","",NA,NA,"","","","CAL EPA","0.08","Resp","Respiratory system","","","","",NA,"","","","",""
"SUR","Glycol","0-01-2","Glycol ethers","Some","HRV","90","Repro","Reproductive/developmental","","109-86-4","Methoxyethanol, 2- (ethylene glycol monomethyl ether EGME)","",NA,NA,"","","","IRIS","20","Repro","testicular effects","","Glycol","Methoxyethanol, 2- (ethylene glycol monomethyl ether EGME)","HRV","60","Repro, Blood","male reproductive and hematologic systems","0","109-86-4","Methoxyethanol, 2- (ethylene glycol monomethyl ether EGME)"
"","","76-44-8","Heptachlor","YES","",NA,"","","","","","IRIS","0.0013","0.0077","","","","",NA,"","","","","","",NA,"","","","",""
"","","1024-57-3","Heptachlor epoxide","NO","",NA,"","","","","","IRIS","0.0026","0.0038","","","","",NA,"","","","","","",NA,"","","","",""
"SUR","DF","00-08-5","Heptachlorodibenzodioxin, All Isomers","YES","",NA,"","","","","","MPCA","4","2.5e-06","2","35822-46-9","Heptachlorodibenzo-p-dioxin, 1,2,3,4,6,7,8-","MPCA","0.004","Liver, Repro, Resp, Blood","Hepatic system (liver); reproductive system; development; endocrine system; respiratory system; hematopoietic system","2","35822-46-9","Heptachlorodibenzo-p-dioxin, 1,2,3,4,6,7,8-","",NA,"","","","",""
"","DF","67562-39-4","Heptachlorodibenzofuran, 1,2,3,4,6,7,8-","YES","",NA,"","","","","","MPCA","4","2.5e-06","2","","","MPCA","0.004","Liver, Repro, Resp, Blood","Hepactic system (liver); reproductive system; development; endocrine system; respiratory system; hematopoietic system","2","","","",NA,"","","","",""
"","DF","55673-89-7","Heptachlorodibenzofuran, 1,2,3,4,7,8,9-","YES","",NA,"","","","","","MPCA","4","2.5e-06","2","","","MPCA","0.004","Liver, Repro, Resp, Blood","Hepatic system (liver); reproductive system; development; endocrine system; respiratory system; hematopoietic system","2","","","",NA,"","","","",""
"SUR","DF","00-08-4","Heptachlorodibenzofuran, All Isomers","YES","",NA,"","","","","","MPCA","4","2.5e-06","2","67562-39-4","Heptachlorodibenzofuran, 1,2,3,4,6,7,8-","MPCA","0.004","Liver, Repro, Resp, Blood","Hepactic system (liver); reproductive system; development; endocrine system; respiratory system; hematopoietic system","2","67562-39-4","Heptachlorodibenzofuran, 1,2,3,4,6,7,8-","",NA,"","","","",""
"","DF","35822-46-9","Heptachlorodibenzo-p-dioxin, 1,2,3,4,6,7,8-","YES","",NA,"","","","","","MPCA","4","2.5e-06","2","","","MPCA","0.004","Liver, Repro, Resp, Blood","Hepatic system (liver); reproductive system; development; endocrine system; respiratory system; hematopoietic system","2","","","",NA,"","","","",""
"","","118-74-1","Hexachlorobenzene","YES","",NA,"","","","","","IRIS","0.00046","0.022","","","","",NA,"","","","","","",NA,"","","","",""
"","","87-68-3","Hexachlorobutadiene","YES","",NA,"","","","","","IRIS","2.2e-05","0.45","","","","",NA,"","","","","","",NA,"","","","",""
"","","608-73-1","Hexachlorocyclohexane (technical grade)","NO","",NA,"","","","","","IRIS","0.00051","0.02","","","","",NA,"","","","","","",NA,"","","","",""
"","","319-84-6","Hexachlorocyclohexane, alpha-","NO","",NA,"","","","","","IRIS","0.0018","0.0056","","","","",NA,"","","","","","",NA,"","","","",""
"","","319-85-7","Hexachlorocyclohexane, beta-1,2,3,4,5,6-","NO","",NA,"","","","","","IRIS","0.00053","0.019","","","","",NA,"","","","","","",NA,"","","","",""
"","","77-47-4","Hexachlorocyclopentadiene","YES","",NA,"","","","","","",NA,NA,"","","","IRIS","0.2","Resp","Suppurative inflammation of the nose","","","","",NA,"","","","",""
"SUR","DF","00-08-3","Hexachlorodibenzodioxins, All Isomers","YES","",NA,"","","","","","MPCA","40","2.5e-07","2","39227-28-6","Hexachlorodibenzo-p-dioxin, 1,2,3,4,7,8-","MPCA","4e-04","Liver, Repro, Resp, Blood","Hepatic system (liver); reproductive system; development; endocrine system; respiratory system; hematopoietic system","2, 10","39227-28-6","Hexachlorodibenzo-p-dioxin, 1,2,3,4,7,8-","",NA,"","","","",""
"","DF","70648-26-9","Hexachlorodibenzofuran, 1,2,3,4,7,8-","YES","",NA,"","","","","","MPCA","40","2.5e-07","2","","","MPCA","4e-04","Liver, Repro, Resp, Blood","Hepatic system (liver); reproductive system; development; endocrine system; respiratory system; hematopoietic system","2, 10","","","",NA,"","","","",""
"","DF","57117-44-9","Hexachlorodibenzofuran, 1,2,3,6,7,8-","YES","",NA,"","","","","","MPCA","40","2.5e-07","2","","","MPCA","4e-04","Liver, Repro, Resp, Blood","Hepatic system (liver); reproductive system; development; endocrine system; respiratory system; hematopoietic system","2, 10","","","",NA,"","","","",""
"","DF","72918-21-9","Hexachlorodibenzofuran, 1,2,3,7,8,9-","YES","",NA,"","","","","","MPCA","40","2.5e-07","2","","","MPCA","4e-04","Liver, Repro, Resp, Blood","Hepatic system (liver); reproductive system; development; endocrine system; respiratory system; hematopoietic system","2, 10","","","",NA,"","","","",""
"","DF","60851-34-5","Hexachlorodibenzofuran, 2,3,4,6,7,8-","YES","",NA,"","","","","","MPCA","40","2.5e-07","2","","","MPCA","4e-04","Liver, Repro, Resp, Blood","Hepatic system (liver); reproductive system; development; endocrine system; respiratory system; hematopoietic system","2, 10","","","",NA,"","","","",""
"SUR","DF","00-08-2","Hexachlorodibenzofurans, All Isomers","YES","",NA,"","","","","","MPCA","40","2.5e-07","2","70648-26-9","Hexachlorodibenzofuran, 1,2,3,4,7,8-","MPCA","7170","Liver, Repro, Resp, Blood","Hepatic system (liver); reproductive system; development; endocrine system; respiratory system; hematopoietic system","2, 10","70648-26-9","Hexachlorodibenzofuran, 1,2,3,4,7,8-","",NA,"","","","",""
"","DF","39227-28-6","Hexachlorodibenzo-p-dioxin, 1,2,3,4,7,8-","YES","",NA,"","","","","","MPCA","40","2.5e-07","2","","","MPCA","4e-04","Liver, Repro, Resp, Blood","Hepatic system (liver); reproductive system; development; endocrine system; respiratory system; hematopoietic system","2, 10","","","",NA,"","","","",""
"","DF","57653-85-7","Hexachlorodibenzo-p-dioxin, 1,2,3,6,7,8-","YES","",NA,"","","","","","IRIS","1.3","7.7e-06","","","","MPCA","4e-04","Liver, Repro, Resp, Blood","Hepatic system (liver); reproductive system; development; endocrine system; respiratory system; hematopoietic system","2, 10","","","",NA,"","","","",""
"","DF","19408-74-3","Hexachlorodibenzo-p-dioxin, 1,2,3,7,8,9-","YES","",NA,"","","","","","IRIS","1.3","7.7e-06","","","","MPCA","4e-04","Liver, Repro, Resp, Blood","Hepatic system (liver); reproductive system; development; endocrine system; respiratory system; hematopoietic system","2, 10","","","",NA,"","","","",""
"","","67-72-1","Hexachloroethane","YES","",NA,"","","","","","IRIS","4e-06","2.5","","","","IRIS","30","Neuro","neurotoxicity","","","","",NA,"","","","",""
"","DIIS","822-06-0","Hexamethylene-1,6-diisocyanate","YES","",NA,"","","","","","",NA,NA,"","","","HRV","0.01","Resp","upper and lower respiratory system","4","","","",NA,"","","","",""
"","","110-54-3","Hexane","NO","",NA,"","","","","","PPRTV","2e-07","50","","","","HRV","2000","Neuro, Resp","nervous/upper respiratory sys.","","","","PPRTV","2000","Neuro","Peripheral neuropathology (decreased MCV at 12 weeks)","","",""
"","","591-78-6","Hexanone-2","NO","",NA,"","","","","","",NA,NA,"","","","IRIS","30","Neuro","Nervous system","","","","",NA,"","","","",""
"","","302-01-2","Hydrazine","YES","",NA,"","","","","","HRV","0.0049","0.002","","","","CAL EPA","0.2","Digest, Repro","Alimentary system; endocrine system","","","","PPRTV","0.09","Blood","Hemosiderosis","","",""
"","","10034-93-2","Hydrazine sulfate","NO","",NA,"","","","","","HRV","0.0049","0.002","","","","",NA,"","","","","","",NA,"","","","",""
"","","7647-01-0","Hydrochloric acid (hydrogen chloride)","YES","HRV","2700","Resp , Eyes","irritant -Eye and respiratory system","","","","",NA,NA,"","","","HRV","20","Resp","upper respiratory system","","","","",NA,"","","","",""
"","CN","74-90-8","Hydrogen cyanide","YES","HRV","700","Neuro","CNS","5","","","",NA,NA,"","","","HRV","3","Neuro, Repro","nervous/endocrine systems","","","","",NA,"","","","",""
"","","7664-39-3","Hydrogen fluoride (Hydrofluoric acid)","YES","HRV","240","Resp","irritant - respiratory system","","","","",NA,NA,"","","","CAL EPA","14","Bone/Teeth, Resp","bone and teeth, respiratory system","","","","",NA,"","","","",""
"","","7783-07-5","Hydrogen selenide","NO","CAL EPA","5","Resp , Eyes","respiratory system; eye","","","","",NA,NA,"","","","",NA,"","","","","","",NA,"","","","",""
"","","7783-06-4","Hydrogen sulfide","NO","CAL EPA","42","Neuro","nervous system","","","","",NA,NA,"","","","IRIS","2","Resp","nasal mucosa inflammation","","","","HRV","10","Resp","Upper respiratory","","",""
"","PAH","193-39-5","Indeno(1,2,3-cd)pyrene","YES","",NA,"","","","","","MDH","0.00013","0.077","","","","",NA,"","","","","","",NA,"","","","",""
"","","78-59-1","Isophorone","YES","",NA,"","","","","","",NA,NA,"","","","CAL EPA","2000","Kidney, Digest, Repro","Development; kidney; alimentary system","","","","",NA,"","","","",""
"","","67-63-0","Isopropyl alcohol","NO","CAL EPA","3200","Resp , Eyes","respiratory system; eye","","","","",NA,NA,"","","","CAL EPA","7000","Repro, Kidney","Kidney; development","","","","PPRTV","7000","Neuro","Increased mean cumulative motor activity","","",""
"","Pb","7439-92-1","Lead","YES","",NA,"","","","","","CAL EPA","1.2e-05","0.83","","","","NAAQS","0.15","Repro, Neuro, Cardio","developmental nervous system cardiovascular","","","","NAAQS","0.15","Repro, Cardio, Neuro","developmental nervous system cardiovascular","","",""
"SUR","Cr, Pb","7758-97-6","Lead Chromate","YES","",NA,"","","","","","HRV","0.012","0.00083","","18540-29-9","Chromic acid mists and dissolved Cr(VI) aerosols","IRIS","0.008","Resp","nasal septum atrophy","0","18540-29-9","Chromic acid mists and dissolved Cr(VI) aerosols","HRV","0.02","Resp","Upper and lower respiratory","0","18540-29-9","Chromic acid mists and dissolved Cr(VI) aerosols"
"SUR","Pb","0-01-3","Lead Compounds","YES","",NA,"","","","","","CAL EPA","1.2e-05","0.83","","7439-92-1","Lead","NAAQS","0.15","Repro, Neuro, Cardio","developmental nervous system cardiovascular","","","","NAAQS","0.15","Repro, Cardio, Neuro","developmental nervous system cardiovascular","","",""
"","","58-89-9","Lindane (all isomers)","YES","",NA,"","","","","","CAL EPA","0.00031","0.032","","","","",NA,"","","","","","",NA,"","","","",""
"SUR","Xylenes","00-07-8","m- and p-Xylenes","YES","HRV","43000","Resp , Eyes , Neuro","irritant - eye and respiratory system; CNS","","1330-20-7","Xylenes","",NA,NA,"","","","IRIS","100","Neuro, Resp","Nervous system; respiratory system","","1330-20-7","Xylenes","",NA,"","","","",""
"","","108-31-6","Maleic anhydride","YES","",NA,"","","","","","",NA,NA,"","","","CAL EPA","0.7","Resp","Respiratory system","","","","",NA,"","","","",""
"","Mn","7439-96-5","Manganese","YES","",NA,"","","","","","",NA,NA,"","","","HRV","0.2","Neuro","nervous system","","","","",NA,"","","","",""
"SUR","Mn","0-01-4","Manganese Compounds","YES","",NA,"","","","","","",NA,NA,"","","","HRV","0.2","Neuro","nervous system","","7439-96-5","Manganese","",NA,"","","","",""
"SUR","Mn","1313-13-9","Manganese Dioxide","YES","",NA,"","","","","","",NA,NA,"","","","HRV","0.2","Neuro","nervous system","","7439-96-5","Manganese","",NA,"","","","",""
"","Hg","7439-97-6","Mercury (elemental)","YES","CAL EPA","0.6","Repro , Neuro","nervous system, development;","","","","",NA,NA,"","","","IRIS","0.3","Neuro","neurotoxicity","","","","",NA,"","","","",""
"SUR","Hg","0-02-3","Mercury Compounds","YES","CAL EPA","0.6","Repro , Neuro","nervous system, development;","","7439-97-6","Mercury (elemental)","",NA,NA,"","","","IRIS","0.3","Neuro","neurotoxicity","","7439-97-6","Mercury (elemental)","",NA,"","","","",""
"","","126-98-7","Methacrylonitrile","NO","",NA,"","","","","","",NA,NA,"","","","PPRTV","30","Liver","Statistically significant higher liver weight","","","","PPRTV","300","Liver","Statistically significant higher liver weight","","",""
"","","67-56-1","Methanol","YES","HRV","25000","Neuro","CNS","","","","",NA,NA,"","","","IRIS","20000","Repro","Development","","","","",NA,"","","","",""
"","Glycol","109-86-4","Methoxyethanol, 2- (ethylene glycol monomethyl ether EGME)","YES","HRV","90","Repro","Reproductive/developmental","","","","",NA,NA,"","","","IRIS","20","Repro","testicular effects","","","","HRV","60","Repro, Blood","male reproductive and hematologic systems","","",""
"","","96-33-3","Methyl acrylate","NO","",NA,"","","","","","",NA,NA,"","","","PPRTV","20","Resp","respiratory","","","","PPRTV","20","Resp","respiratory","","",""
"","","74-83-9","Methyl bromide (Bromomethane)","YES","HRV","2000","Neuro","CNS","5","","","",NA,NA,"","","","HRV","5","Resp","upper respiratory system","","","","PPRTV","100","Resp","Degeneration of the ofactory epithelium for the nasal cavity","","",""
"","Glycol","110-49-6","Methyl Cellosolve Acetate","NO","",NA,"","","","","","",NA,NA,"","","","CAL EPA","90","Repro","Reproductive system","","","","PPRTV","10","Repro","Gross reduction in testes size in males","","",""
"","","74-87-3","Methyl chloride (Chloromethane)","YES","",NA,"","","","","","",NA,NA,"","","","IRIS","90","Neuro","Cerebellar lesions","","","","PPRTV","3000","Systemic","Lesions","","",""
"","","71-55-6","Methyl chloroform (1,1,1-Trichloroethane)","YES","HRV","140000","Neuro","CNS","","","","",NA,NA,"","","","IRIS","5000","Liver","liver histopathologic changes","","","","IRIS","5000","Liver","liver histopathologic changes","","",""
"","","78-93-3","Methyl ethyl ketone (2-Butanone)","NO","HRV","10000","Resp , Eyes","irritant - eye and respiratory system","","","","",NA,NA,"","","","IRIS","5000","Repro","developmental (skeletal variations)","","","","",NA,"","","","",""
"","","60-34-4","Methyl Hydrazine","YES","",NA,"","","","","","PPRTV","0.001","0.01","","","","",NA,"","","","","","PPRTV","0.3","Liver","Changes in hematolgic and serum chemistry parameters","","",""
"","","108-10-1","Methyl isobutyl ketone (Hexone)","YES","",NA,"","","","","","",NA,NA,"","","","IRIS","3000","Repro","reduced fetal body weight, skeletal variations, and increased fetal death in mice, and skeletal variations in rats","","","","",NA,"","","","",""
"","ISO","624-83-9","Methyl isocyanate","YES","",NA,"","","","","","",NA,NA,"","","","CAL EPA","1","Repro, Resp","Respiratory system; reproductive system","","","","",NA,"","","","",""
"","","80-62-6","Methyl methacrylate","YES","",NA,"","","","","","",NA,NA,"","","","HRV","700","Resp","upper and lower respiratory system","4","","","",NA,"","","","",""
"","","1634-04-4","Methyl tert butyl ether","YES","",NA,"","","","","","CAL EPA","2.6e-07","38","","","","IRIS","3000","Liver, Kidney","liver and kidney effects","","","","",NA,"","","","",""
"","PAH","56-49-5","Methylcholanthrene, 3-","YES","",NA,"","","","","","MDH","0.01","0.001","","","","",NA,"","","","","","",NA,"","","","",""
"","PAH","3697-24-3","Methylchrysene, 5-","YES","",NA,"","","","","","MDH","0.0018","0.0056","","","","",NA,"","","","","","",NA,"","","","",""
"","","101-14-4","Methylene bis(2-chloroaniline), 4,4-","YES","",NA,"","","","","","CAL EPA","0.00043","0.023","","","","",NA,"","","","","","",NA,"","","","",""
"","","74-95-3","Methylene Bromide","NO","",NA,"","","","","","",NA,NA,"","","","",NA,"","","","","","PPRTV","40","Blood","Increased COHb","","",""
"","","75-09-2","Methylene chloride (Dichloromethane)","YES","HRV","10000","Neuro","CNS","","","","HRV","4.7e-07","21","","","","IRIS","600","Liver","hepatic vacuolation","","","","",NA,"","","","",""
"","DIIS","101-68-8","Methylene diphenyl diisocyanate (MDI)","YES","",NA,"","","","","","",NA,NA,"","","","HRV","0.6","Resp","upper and lower respiratory system","4","","","",NA,"","","","",""
"","","101-77-9","Methylenedianiline, 4,4-","YES","",NA,"","","","","","CAL EPA","0.00046","0.022","","","","CAL EPA","20","Eyes, Digest","Eyes; alimentary system","","","","",NA,"","","","",""
"","","90-94-8","Michler's ketone","NO","",NA,"","","","","","CAL EPA","0.00025","0.04","","","","",NA,"","","","","","",NA,"","","","",""
"","","10595-95-6","N- Nitrosomethylethylamine","NO","",NA,"","","","","","CAL EPA","0.0063","0.0016","","","","",NA,"","","","","","",NA,"","","","",""
"","","64724-95-6","Naphtha, High Flash Aromatic (HFAN)","NO","",NA,"","","","","","",NA,NA,"","","","PPRTV","100","Repro","Decreased maternal body weight versus controls.","","","","PPRTV","1000","Repro","Decreased maternal body weight versus controls.","","",""
"","PAH","91-20-3","Naphthalene","YES","HBV","200","Resp","respiratory","","","","CAL EPA","3.4e-05","0.29","","","","HBV","9","Resp","Nasal Effects, respiratory impacts","","","","",NA,"","","","",""
"","PAH","193-09-9","Naphtho[2,3-e]pyrene","YES","",NA,"","","","","","MDH","0.00054","0.019","","","","",NA,"","","","","","",NA,"","","","",""
"SUR","Ni","7440-02-0","Nickel","YES","HRV","11","Resp","irritant - respiratory system","","0-01-5","Nickel Compounds","HRV","0.00048","0.021","","12035-72-2","Nickel sulfide (NI3S2)","CAL EPA","0.014","Resp, Blood","Respiratory system; hematopoietic system","","12035-72-2","Nickel sulfide (NI3S2)","",NA,"","","","",""
"SUR","Ni","0-01-5","Nickel Compounds","YES","HRV","11","Resp","irritant - respiratory system","","","","HRV","0.00048","0.021","","12035-72-2","Nickel sulfide (NI3S2)","CAL EPA","0.014","Resp, Blood","Respiratory system; hematopoietic system","","12035-72-2","Nickel sulfide (NI3S2)","",NA,"","","","",""
"SUR","Ni","1313-99-1","Nickel oxide","YES","HRV","11","Resp","irritant - respiratory system","","0-01-5","Nickel Compounds","CAL EPA","0.00026","0.038","","","","CAL EPA","0.02","Resp, Blood","Respiratory system; hematopoietic system","","","","",NA,"","","","",""
"SUR","Ni","0-02-5","Nickel refinery dust from the pyrometallurgical process","YES","HRV","11","Resp","irritant - respiratory system","","0-01-5","Nickel Compounds","IRIS","0.00024","0.042","","","","CAL EPA","0.014","Resp, Blood","Respiratory system; hematopoietic system","","12035-72-2","Nickel sulfide (NI3S2)","",NA,"","","","",""
"SUR","Ni","12035-72-2","Nickel sulfide (NI3S2)","YES","HRV","11","Resp","irritant - respiratory system","","0-01-5","Nickel Compounds","HRV","0.00048","0.021","","","","CAL EPA","0.014","Resp, Blood","Respiratory system; hematopoietic system","","","","",NA,"","","","",""
"","","7697-37-2","Nitric acid","NO","HRV","130","Resp","irritant - respiratory system","","","","",NA,NA,"","","","",NA,"","","","","","",NA,"","","","",""
"","PAH","602-87-9","Nitroacenaphthene, 5-","YES","",NA,"","","","","","MDH","3.5e-05","0.29","","","","",NA,"","","","","","",NA,"","","","",""
"","","100-01-6","Nitroaniline, 4-","NO","",NA,"","","","","","",NA,NA,"","","","",NA,"","","","","","PPRTV","20","Blood","Methemoglobinemia","","",""
"","","98-95-3","Nitrobenzene","YES","",NA,"","","","","","IRIS","4e-05","0.25","","","","IRIS","9","Resp","Bronchiolization of the alveoli and olfactory degeneration","","","","",NA,"","","","",""
"","PAH","7496-02-8","Nitrochrysene, 6-","YES","",NA,"","","","","","MDH","0.018","0.00056","","","","",NA,"","","","","","",NA,"","","","",""
"","PAH","607-57-8","Nitrofluorene, 2-","YES","",NA,"","","","","","MDH","1.8e-05","0.56","","","","",NA,"","","","","","",NA,"","","","",""
"","","10102-44-0","Nitrogen oxide (NO2)","NO","HBV","470","Resp","respiratory system","","","","",NA,NA,"","","","",NA,"","","","","","",NA,"","","","",""
"","","75-52-5","Nitromethane","NO","",NA,"","","","","","PPRTV","9e-06","1.1","","","","PPRTV","5","Resp","Hyaline degeneration in th erespiratory epithelium","","","","PPRTV","4","Resp","Hyaline droplets in the respiratory epithelium","","",""
"","","79-46-9","Nitropropane, 2-","NO","",NA,"","","","","","",NA,NA,"","","","HRV","20","Liver","hepatic system","","","","",NA,"","","","",""
"","PAH","5522-43-0","Nitropyrene, 1-","YES","",NA,"","","","","","MDH","0.00018","0.056","","","","",NA,"","","","","","",NA,"","","","",""
"","PAH","57835-92-4","Nitropyrene, 4-","YES","",NA,"","","","","","MDH","0.00018","0.056","","","","",NA,"","","","","","",NA,"","","","",""
"","","156-10-5","Nitrosodiphenylamine, p-","NO","",NA,"","","","","","CAL EPA","6.3e-06","1.6","","","","",NA,"","","","","","",NA,"","","","",""
"","","55-18-5","N-Nitrosodiethylamine","NO","",NA,"","","","","","IRIS","0.043","0.00023","","","","",NA,"","","","","","",NA,"","","","",""
"","","62-75-9","N-Nitrosodimethylamine","YES","",NA,"","","","","","IRIS","0.014","0.00071","","","","",NA,"","","","","","",NA,"","","","",""
"","","924-16-3","N-Nitrosodi-n-butylamine","NO","",NA,"","","","","","IRIS","0.0016","0.0063","","","","",NA,"","","","","","",NA,"","","","",""
"","","621-64-7","N-Nitrosodi-n-propylamine","NO","",NA,"","","","","","CAL EPA","0.002","0.005","","","","",NA,"","","","","","",NA,"","","","",""
"","","86-30-6","N-Nitrosodiphenylamine","NO","",NA,"","","","","","CAL EPA","2.6e-06","3.8","","","","",NA,"","","","","","",NA,"","","","",""
"","","59-89-2","N-Nitrosomorpholine","YES","",NA,"","","","","","CAL EPA","0.0019","0.0053","","","","",NA,"","","","","","",NA,"","","","",""
"","","100-75-4","N-Nitrosopiperidine","NO","",NA,"","","","","","CAL EPA","0.0027","0.0037","","","","",NA,"","","","","","",NA,"","","","",""
"","","111-84-2","N-Nonane","NO","",NA,"","","","","","",NA,NA,"","","","PPRTV","20","Systemic","Salivation, lacrimation, and marginally depressed body weight","","","","PPRTV","200","Systemic","Salivation, lacrimation, and marginally depressed body weight","","",""
"","DF","39001-02-0","Octachlorodibenzofuran, 1,2,3,4,6,7,8,9-","YES","",NA,"","","","","","MPCA","0.12","8.3e-05","2","","","MPCA","0.133","Liver, Repro, Resp, Blood","Hepatic system (liver); reproductive system; development; endocrine system; respiratory system; hematopoietic system","2, 10","","","",NA,"","","","",""
"","DF","3268-87-9","Octachlorodibenzo-p-dioxin, 1,2,3,4,6,7,8,9-","YES","",NA,"","","","","","MPCA","0.12","8.3e-05","2","","","MPCA","0.133","Liver, Repro, Resp, Blood","Hepatic system (liver); reproductive system; development; endocrine system; respiratory system; hematopoietic system","2, 10","","","",NA,"","","","",""
"","","10028-15-6","Ozone","NO","CAL EPA","180","Resp , Eyes","eye, respiratory","","","","",NA,NA,"","","","",NA,"","","","","","",NA,"","","","",""
"SUR","DF","00-08-1","Pentachlorodibenzodioxins, All Isomers","YES","",NA,"","","","","","MPCA","400","2.5e-08","2","40321-76-4","Pentachlorodibenzo-p-dioxin, 1,2,3,7,8-","MPCA","4e-05","Liver, Repro, Resp, Blood","Hepatic system (liver); reproductive system; development; endocrine system; respiratory system; hematopoietic system","2, 10","40321-76-4","Pentachlorodibenzo-p-dioxin, 1,2,3,7,8-","",NA,"","","","",""
"","DF","57117-41-6","Pentachlorodibenzofuran, 1,2,3,7,8-","YES","",NA,"","","","","","MPCA","12","8.3e-07","2","","","MPCA","0.00133","Liver, Repro, Resp, Blood","Hepatic system (liver); reproductive system; development; endocrine system; respiratory system; hematopoietic system","2, 10","","","",NA,"","","","",""
"","DF","57117-31-4","Pentachlorodibenzofuran, 2,3,4,7,8-","YES","",NA,"","","","","","MPCA","120","8.3e-08","2","","","MPCA","0.000133","Liver, Repro, Resp, Blood","Hepactic system (liver); reproductive system; development; endocrine system; respiratory system; hematopoietic system","2, 10","","","",NA,"","","","",""
"SUR","DF","00-09-0","Pentachlorodibenzofurans, All Isomers","YES","",NA,"","","","","","MPCA","120","8.3e-08","2","57117-31-4","Pentachlorodibenzofuran, 2,3,4,7,8-","MPCA","0.000133","Liver, Repro, Resp, Blood","Hepactic system (liver); reproductive system; development; endocrine system; respiratory system; hematopoietic system","2, 10","57117-31-4","Pentachlorodibenzofuran, 2,3,4,7,8-","",NA,"","","","",""
"","DF","40321-76-4","Pentachlorodibenzo-p-dioxin, 1,2,3,7,8-","YES","",NA,"","","","","","MPCA","400","2.5e-08","2","","","MPCA","4e-05","Liver, Repro, Resp, Blood","Hepatic system (liver); reproductive system; development; endocrine system; respiratory system; hematopoietic system","2, 10","","","",NA,"","","","",""
"","","87-86-5","Pentachlorophenol","YES","",NA,"","","","","","CAL EPA","5.1e-06","2","","","","",NA,"","","","","","",NA,"","","","",""
"","","109-66-0","Pentane, n-","NO","",NA,"","","","","","",NA,NA,"","","","PPRTV","1000","Systemic","No effects","","","","PPRTV","10000","Systemic","No effect","","",""
"SUR","PHA9-16","00-07-7","Petroleum Hydrocarbons, Aliphatic (C7 - C11)","NO","",NA,"","","","","","PPRTV","4e-06","2.5","","","","HBV","5000","Systemic","No significant adverse effects","3","","Petroleum Hydrocarbons, Aliphatic (C9-C16)","",NA,"","","","",""
"","PAH","85-01-8","Phenanthrene","YES","",NA,"","","","","","",NA,NA,"","","","",NA,"","","","","","",NA,"","","","",""
"","","108-95-2","Phenol","YES","HRV","5800","Resp , Eyes","irritant - eye and respiratory system","","","","",NA,NA,"","","","CAL EPA","200","Digest, Cardio, Kidney","Alimentary system; cardiovascular system; kidney;","","","","",NA,"","","","",""
"","","75-44-5","Phosgene","YES","HRV","4","Resp","irritant - respiratory system","5","","","",NA,NA,"","","","IRIS","0.3","Resp","Collagen staining indictive of fibrosis","","","","",NA,"","","","",""
"","","7803-51-2","Phosphine","YES","",NA,"","","","","","",NA,NA,"","","","IRIS","0.3","Systemic","decreased body weight","","","","HRV","3","Systemic","decreased body weight","","",""
"","","7664-38-2","Phosphoric acid","NO","",NA,"","","","","","",NA,NA,"","","","IRIS","10","Resp","bronchioloar fibrosis","","","","",NA,"","","","",""
"","","85-44-9","Phthalic anhydride","YES","",NA,"","","","","","",NA,NA,"","","","CAL EPA","20","Resp","Respiratory system","","","","",NA,"","","","",""
"SUR","","1336-36-3","Polychlorinated biphenyls (Aroclors unspeciated)","YES","",NA,"","","","","","IRIS","1e-04","0.1","","","","CAL EPA","4e-04","Liver, Repro, Resp, Blood","Hepatic system (liver); reproductive system; development; endocrine system; respiratory system; hematopoietic system","","57465-28-8","PCB 126","",NA,"","","","",""
"","","32598-13-3","PCB 77 (3,3,4,4-Tetrachlorobiphenyl)","YES","",NA,"","","","","","Cal EPA","0.0038","0.0026","","","","CAL EPA","0.4","Liver, Repro, Resp, Blood","Hepatic system (liver); reproductive system; development; endocrine system; respiratory system; hematopoietic system","11","","","",NA,"","","","",""
"","","70362-50-4","PCB 81 (3,4,4,5 Tetrachlorobiphenyl)","YES","",NA,"","","","","","Cal EPA","0.0038","0.0026","","","","CAL EPA","0.13","Liver, Repro, Resp, Blood","Hepatic system (liver); reproductive system; development; endocrine system; respiratory system; hematopoietic system","11","","","",NA,"","","","",""
"","","32598-14-4","PCB105 (2,3,3,4,4 Pentachlorobiphenyl)","YES","",NA,"","","","","","Cal EPA","0.0038","0.0026","","","","CAL EPA","1.3","Liver, Repro, Resp, Blood","Hepatic system (liver); reproductive system; development; endocrine system; respiratory system; hematopoietic system","11","","","",NA,"","","","",""
"","","74472-37-0","PCB 114 (2,3,4,4,5 Pentachlorobiphenyl)","YES","",NA,"","","","","","Cal EPA","0.019","0.00053","","","","CAL EPA","1.3","Liver, Repro, Resp, Blood","Hepatic system (liver); reproductive system; development; endocrine system; respiratory system; hematopoietic system","11","","","",NA,"","","","",""
"","","31508-00-6","PCB 118 (2,3,4,4,5 Pentachlorobiphenyl)","YES","",NA,"","","","","","Cal EPA","0.0038","0.0026","","","","CAL EPA","1.3","Liver, Repro, Resp, Blood","Hepatic system (liver); reproductive system; development; endocrine system; respiratory system; hematopoietic system","11","","","",NA,"","","","",""
"","","65510-44-3","PCB 123 (2,3,4,4,5 Pentachlorobiphenyl)","YES","",NA,"","","","","","Cal EPA","0.0038","0.0026","","","","CAL EPA","1.3","Liver, Repro, Resp, Blood","Hepatic system (liver); reproductive system; development; endocrine system; respiratory system; hematopoietic system","11","","","",NA,"","","","",""
"","","57465-28-8","PCB 126 (3,3,4,4,5 Pentachlorobiphenyl)","YES","",NA,"","","","","","Cal EPA","3.8","2.6e-06","","","","CAL EPA","4e-04","Liver, Repro, Resp, Blood","Hepatic system (liver); reproductive system; development; endocrine system; respiratory system; hematopoietic system","11","","","",NA,"","","","",""
"","","38380-0804","PCB 156 (2,3,3,4,4,5 Hexachlorobiphenyl)","YES","",NA,"","","","","","Cal EPA","0.019","0.00053","","","","CAL EPA","1.3","Liver, Repro, Resp, Blood","Hepatic system (liver); reproductive system; development; endocrine system; respiratory system; hematopoietic system","11","","","",NA,"","","","",""
"","","69782-90-7","PCB 157 (2,3,3,4,4,5 Hexachlorobiphenyl)","YES","",NA,"","","","","","Cal EPA","0.019","0.00053","","","","CAL EPA","1.3","Liver, Repro, Resp, Blood","Hepatic system (liver); reproductive system; development; endocrine system; respiratory system; hematopoietic system","11","","","",NA,"","","","",""
"","","52663-72-6","PCB 167 (2,3,4,4,5,5 Hexachlorobiphenyl)","YES","",NA,"","","","","","Cal EPA","0.00038","0.026","","","","CAL EPA","1.3","Liver, Repro, Resp, Blood","Hepatic system (liver); reproductive system; development; endocrine system; respiratory system; hematopoietic system","11","","","",NA,"","","","",""
"","","32774-16-6","PCB 169 (3,3,4,4,5,5 Hexachlorobiphenyl)","YES","",NA,"","","","","","Cal EPA","0.38","2.6e-05","","","","CAL EPA","0.0013","Liver, Repro, Resp, Blood","Hepatic system (liver); reproductive system; development; endocrine system; respiratory system; hematopoietic system","11","","","",NA,"","","","",""
"","","39635-31-9","PCB 189 (2,3,3,4,4,5,5 Heptachlorobiphenyl)","YES","",NA,"","","","","","Cal EPA","0.0038","0.0026","","","","CAL EPA","1.3","Liver, Repro, Resp, Blood","Hepatic system (liver); reproductive system; development; endocrine system; respiratory system; hematopoietic system","11","","","",NA,"","","","",""
"SUR","DF","00-05-0","Polychlorinated Dibenzodioxins, Total","YES","",NA,"","","","","","MPCA","400","2.5e-08","1","1746-01-6","Tetrachlorodibenzo-p-dioxin, 2,3,7,8-","CAL EPA","4e-05","Liver, Repro, Resp, Blood","Hepatic system (liver); reproductive system; development; endocrine system; respiratory system; hematopoietic system","9, 10","1746-01-6","Tetrachlorodibenzo-p-dioxin, 2,3,7,8-","",NA,"","","","",""
"SUR","DF","00-05-1","Polychlorinated Dibenzofurans, Total","YES","",NA,"","","","","","MPCA","120","8.3e-08","2","57117-31-4","Pentachlorodibenzofuran, 2,3,4,7,8-","MPCA","0.000133","Liver, Repro, Resp, Blood","Hepactic system (liver); reproductive system; development; endocrine system; respiratory system; hematopoietic system","2, 10","57117-31-4","Pentachlorodibenzofuran, 2,3,4,7,8-","",NA,"","","","",""
"SUR","DF","00-08-0","Polychlorinated Dibenzo-P-Dioxins And Furans, Total","YES","",NA,"","","","","","MPCA","400","2.5e-08","9, 10","1746-01-6","Tetrachlorodibenzo-p-dioxin, 2,3,7,8-","CAL EPA","4e-05","Liver, Repro, Resp, Blood","Hepatic system (liver); reproductive system; development; endocrine system; respiratory system; hematopoietic system","9, 10","1746-01-6","Tetrachlorodibenzo-p-dioxin, 2,3,7,8-","",NA,"","","","",""
"SUR","PAH","130498-29-2","Polycyclic Aromatic Hydrocarbons (PAH)","YES","",NA,"","","","","","MDH","0.0018","0.0056","0","50-32-8","Benzo[a]pyrene","",NA,"","","","","","",NA,"","","","",""
"SUR","PAH","00-01-7","Polycyclic Organic Matter (POM)","YES","",NA,"","","","","","MPCA/MDH","9e-05","0.11","7","50-32-8","Benzo[a]pyrene","",NA,"","","","","","",NA,"","","","",""
"","DIIS","9016-87-9","Polymeric diphenylmethane diisocyanate","NO","",NA,"","","4","","","",NA,NA,"","","","HRV","0.6","Resp","upper and lower respiratory system","4","","","",NA,"","","","",""
"","","7758-01-2","Potassium bromate","NO","",NA,"","","","","","CAL EPA","0.00014","0.071","","","","",NA,"","","","","","",NA,"","","","",""
"","","1120-71-4","Propane sultone, 1,3-","YES","",NA,"","","","","","CAL EPA","0.00069","0.014","","","","",NA,"","","","","","",NA,"","","","",""
"","","123-38-6","Propionaldehyde","YES","",NA,"","","","","","",NA,NA,"","","","IRIS","8","Resp","Atrophy of olfactory epithelium","","","","",NA,"","","","",""
"","","115-07-1","Propylene","NO","",NA,"","","","","","",NA,NA,"","","","CAL EPA","3000","Resp","Respiratory system","","","","",NA,"","","","",""
"","","78-87-5","Propylene dichloride (1,2-Dichloropropane)","YES","",NA,"","","","","","",NA,NA,"","","","IRIS","4","Resp","nasal mucosa hyperplasia","","","","HRV","10","Resp","Upper respiratory","","",""
"","","107-98-2","Propylene Glycol Monomethyl Ether","NO","",NA,"","","","","","",NA,NA,"","","","IRIS","2000","Neuro","mild reversible sedation","","","","HRV","20000","Neuro","nervous system","","",""
"","","75-56-9","Propylene oxide","YES","CAL EPA","3100","Resp , Repro , Eyes","respiratory system; eye; reproductive/developmental","","","","HRV","3.7e-06","2.7","","","","IRIS","30","Resp","nasal epithelial changes","","","","",NA,"","","","",""
"","","930-55-2","Pyrrolidine, 1-Nitroso-","NO","",NA,"","","","","","IRIS","0.00061","0.016","","","","",NA,"","","","","","",NA,"","","","",""
"","Se","7782-49-2","Selenium","YES","",NA,"","","","","","",NA,NA,"","","","CAL EPA","20","Digest, Cardio, Neuro","Alimentary system; cardiovascular system; nervous","","","","",NA,"","","","",""
"SUR","Se","0-01-9","Selenium Compounds","YES","",NA,"","","","","","",NA,NA,"","","","CAL EPA","20","Digest, Cardio, Neuro","Alimentary system; cardiovascular system; nervous","","7782-49-2","Selenium","",NA,"","","","",""
"","","7631-86-9","Silica (crystalline, respirable, PM4)","NO","",NA,"","","","","","",NA,NA,"","","","HBV","3","Resp","respiratory","","","","",NA,"","","","",""
"","","1310-73-2","Sodium hydroxide","NO","HRV","8","Resp , Eyes , Skin","irritant - eye, skin, and respiratory system","","","","",NA,NA,"","","","",NA,"","","","","","",NA,"","","","",""
"SUR","Cr","7789-06-2","Strontium chromate","NO","",NA,"","","","","","HRV","0.012","0.00083","0","18540-29-9","Chromic acid mists and dissolved Cr(VI) aerosols","IRIS","0.008","Resp","nasal septum atrophy","","18540-29-9","Chromic acid mists and dissolved Cr(VI) aerosols","HRV","0.02","Resp","Upper and lower respiratory","0","18540-29-9","Chromic acid mists and dissolved Cr(VI) aerosols"
"","","100-42-5","Styrene","YES","HRV","21000","Resp , Eyes","irritant - eye and respiratory system","","","","",NA,NA,"","","","HRV","1000","Neuro","nervous system","","","","",NA,"","","","",""
"","","14808-79-8","Sulfates","NO","CAL EPA","120","Resp","respiratory system","","","","",NA,NA,"","","","",NA,"","","","","","",NA,"","","","",""
"","","126-33-0","Sulfolane","NO","",NA,"","","","","","",NA,NA,"","","","",NA,"","","","","","PPRTV","20","Resp, Neuro","respiratory and neurological","","",""
"","","7664-93-9","Sulfuric acid (aerosol forms only)","NO","CAL EPA","120","Resp","respritory system","","","","",NA,NA,"","","","CAL EPA","1","Resp","Respiratory system","","","","",NA,"","","","",""
"","","8014-95-7","Sulfuric Acid mixture w. sulfur trioxide (oleum)","NO","CAL EPA","120","Resp","respiratory system","","","","",NA,NA,"","","","",NA,"","","","","","",NA,"","","","",""
"","","7446-09-5","Sulfur dioxide","NO","CAL EPA","660","Resp","respiratory system","","","","",NA,NA,"","","","",NA,"","","","","","",NA,"","","","",""
"SUR","DF","00-09-1","TCDD Eqivalents, 2,3,7,8-","YES","",NA,"","","","","","MPCA","400","2.5e-08","1","1746-01-6","Tetrachlorodibenzo-p-dioxin, 2,3,7,8-","CAL EPA","4e-05","Liver, Repro, Resp, Blood","Hepatic system (liver); reproductive system; development; endocrine system; respiratory system; hematopoietic system","9, 10","1746-01-6","Tetrachlorodibenzo-p-dioxin, 2,3,7,8-","",NA,"","","","",""
"SUR","DF","00-08-8","Tetrachlorodibenzodioxins, All Isomers","YES","",NA,"","","","","","MPCA","400","2.5e-08","1","1746-01-6","Tetrachlorodibenzo-p-dioxin, 2,3,7,8-","CAL EPA","4e-05","Liver, Repro, Resp, Blood","Hepatic system (liver); reproductive system; development; endocrine system; respiratory system; hematopoietic system","9, 10","1746-01-6","Tetrachlorodibenzo-p-dioxin, 2,3,7,8-","",NA,"","","","",""
"","DF","51207-31-9","Tetrachlorodibenzofuran, 2,3,7,8-","YES","",NA,"","","","","","MPCA","40","2.5e-07","2","","","MPCA","4e-04","Liver, Repro, Resp, Blood","Hepatic system (liver); reproductive system; development; endocrine system; respiratory system; hematopoietic system","2, 10","","","",NA,"","","","",""
"SUR","DF","00-08-6","Tetrachlorodibenzofurans, All Isomers","YES","",NA,"","","","","","MPCA","40","2.5e-07","2","51207-31-9","Tetrachlorodibenzofuran, 2,3,7,8-","MPCA","4e-04","Liver, Repro, Resp, Blood","Hepatic system (liver); reproductive system; development; endocrine system; respiratory system; hematopoietic system","2, 10","51207-31-9","Tetrachlorodibenzofuran, 2,3,7,8-","",NA,"","","","",""
"SUR","DF","1746-01-6","Tetrachlorodibenzo-p-dioxin, 2,3,7,8-","YES","",NA,"","","","","`","MPCA","400","2.5e-08","1","","","CAL EPA","4e-05","Liver, Repro, Resp, Blood","Hepatic system (liver); reproductive system; development; endocrine system; respiratory system; hematopoietic system","9, 10","","","",NA,"","","","",""
"","","630-20-6","Tetrachloroethane, 1,1,1,2-","NO","",NA,"","","","","","IRIS","7.4e-06","1.4","","","","",NA,"","","","","","",NA,"","","","",""
"","","79-34-5","Tetrachloroethane, 1,1,2,2-","YES","",NA,"","","","","","IRIS","5.8e-05","0.17","","","","",NA,"","","","","","",NA,"","","","",""
"","","127-18-4","Tetrachloroethylene (Perchloroethylene)","YES","HRV","20000","Resp , Neuro , Eyes","irritant - eye, and respiratory system; CNS","","","","MDH","5e-06","2","","","","MDH","100","Neuro","nervous system","8","","","",NA,"","","","",""
"","","811-97-2","Tetrafluoroethane, 1,1,1,2-","NO","",NA,"","","","","","",NA,NA,"","","","IRIS","80000","Repro","leydig cell hyperplasia","","","","",NA,"","","","",""
"","","109-99-9","Tetrahydrofuran","NO","",NA,"","","","","","",NA,NA,"","","","IRIS","2000","Liver, Neuro","liver, central nervous","","","","",NA,"","","","",""
"","","62-55-5","Thioacetamide","NO","",NA,"","","","","","CAL EPA","0.0017","0.0059","","","","",NA,"","","","","","",NA,"","","","",""
"","","108-88-3","Toluene","YES","HRV","37000","Resp , Neuro , Eyes","irritant- eye and respiratory system; CNS","","","","",NA,NA,"","","","HRV","400","Neuro, Resp","nervous/upper respiratory sys.","","","","PPRTV","5000","Systemic","Effects","","",""
"","","95-80-7","Toluene diamine, 2,4-","YES","",NA,"","","","","","CAL EPA","0.0011","0.0091","","","","",NA,"","","","","","",NA,"","","","",""
"","DIIS","584-84-9","Toluene diisocyanate, 2,4-","YES","",NA,"","","","","","CAL EPA","1.1e-05","0.91","","","","CAL EPA","0.07","Resp","respiratory system","4","","","",NA,"","","","",""
"","DIIS","91-08-7","Toluene-2,6-diisocyanate","NO","",NA,"","","","","","CAL EPA","1.1e-05","0.91","","","","CAL EPA","0.07","Resp","respiratory system","4","","","",NA,"","","","",""
"","DIIS","26471-62-5","Toluenediisocyanate (mixed isomers)","Some","",NA,"","","","","","CAL EPA","1.1e-05","0.91","","","","HRV","0.08","Resp","lower respiratory system","4","","","",NA,"","","","",""
"","","8001-35-2","Toxaphene (chlorinated camphene)","YES","",NA,"","","","","","IRIS","0.00032","0.031","","","","",NA,"","","","","","",NA,"","","","",""
"","","120-82-1","Trichlorobenzene, 1,2,4-","YES","",NA,"","","","","","",NA,NA,"","","","PPRTV","2","Repro","Significant changes in coproporphyrin and uroporphyrin excretion","","","","PPRTV","20","Blood","Significant changes in coproporphyrin and uroporphyrin excretion","","",""
"","","79-00-5","Trichloroethane, 1,1,2-","YES","",NA,"","","","","","IRIS","1.6e-05","0.63","","","","",NA,"","","","","","PPRTV","2","Resp","Lesions in the olfactory epithelium","","",""
"","","79-01-6","Trichloroethylene","YES","HRV","2000","Repro","Reproductive/developmental","","","","HBV","3.3e-06","3","10","","","IRIS","2","Repro","decreased thymus wt; increased fetal cardiac malformations","","","","",NA,"","","","",""
"","","75-69-4","Trichlorofluoromethane (CFC-11)","NO","",NA,"","","","","","",NA,NA,"","","","",NA,"","","","","","PPRTV","1000","Neuro","Small decrements in cognitive performance","","",""
"","","88-06-2","Trichlorophenol, 2,4,6-","YES","",NA,"","","","","","IRIS","3.1e-06","3.2","","","","",NA,"","","","","","",NA,"","","","",""
"","","96-18-4","Trichloropropane, 1,2,3-","NO","",NA,"","","","","","",NA,NA,"","","","IRIS","0.3","Resp","peribronchial lymphoid hyperplasia","","","","",NA,"","","","",""
"","","96-19-5","Trichloropropene, 1,2,3-","NO","",NA,"","","","","","",NA,NA,"","","","PPRTV","0.3","Eyes, Resp, Skin","Irritation","","","","PPRTV","3","Resp","Irritation","","",""
"","","121-44-8","Triethylamine","YES","HRV","2800","Eyes","irritant- eye; transient corneal edema","","","","",NA,NA,"","","","IRIS","7","Resp","no observed adverse effects (28-week); nasal passa","","","","HRV","70","Resp","Upper respiratory","","",""
"","","526-73-8","Trimethylbenzene, 1,2,3-","NO","",NA,"","","","","","",NA,NA,"","","","PPRTV","5","Neuro","Decreased sensitivity to pain","","","","PPRTV","50","Neuro","Decreased sensitivity to pain","","",""
"","","95-63-6","Trimethylbenzene, 1,2,4-","NO","",NA,"","","","","","",NA,NA,"","","","PPRTV","7","Blood","Decreased clotting time","","","","PPRTV","70","Blood","Decreased clotting timePulmonary Toxicity","","",""
"","V","1314-62-1","Vanadium Pentoxide, (V2O5)","NO","HRV","30","Resp","Respiratory system","","","","PPRTV","0.0083","0.0012","","","","PPRTV","0.007","Resp","Chronic inflamationEpithelial hyperplasia","","","","PPRTV","0.1","Resp","Alveolar epithelial hyperplasia, histiocytic infiltrate and inflammation","","",""
"","","108-05-4","Vinyl acetate","YES","",NA,"","","","","","",NA,NA,"","","","HRV","200","Resp","upper respiratory system","","","","",NA,"","","","",""
"","","593-60-2","Vinyl bromide","YES","",NA,"","","","","","",NA,NA,"","","","IRIS","3","Liver","liver hypertrophy, basophilic and eosinophilic foc","","","","",NA,"","","","",""
"","","75-01-4","Vinyl chloride","YES","CAL EPA","180000","Resp , Neuro , Eyes","irritant - eye and respiratory system; CNS","","","","HRV","8.8e-06","1.1","10","","","IRIS","100","Liver","Liver cell polymorphism","","","","",NA,"","","","",""
"","Xylenes","1330-20-7","Xylenes","YES","HRV","43000","Resp , Neuro , Eyes","irritant - eye and respiratory system; CNS","","","","",NA,NA,"","","","IRIS","100","Neuro, Resp","Nervous system; respiratory system","","","","PPRTV","400","Neuro","Impaired motor coordination","","",""
"SUR","Xylenes","108-38-3","Xylenes, m-","YES","HRV","43000","Resp , Neuro , Eyes","irritant - eye and respiratory system; CNS","","1330-20-7","Xylenes","",NA,NA,"","","","IRIS","100","Neuro, Resp","Nervous system; respiratory system","","1330-20-7","Xylenes","PPRTV","400","Neuro","Impaired motor coordination","","1330-20-7","Xylenes"
"SUR","Xylenes","95-47-6","Xylenes, o-","YES","HRV","43000","Resp , Neuro , Eyes","irritant - eye and respiratory system; CNS","","1330-20-7","Xylenes","",NA,NA,"","","","IRIS","100","Neuro, Resp","Nervous system; respiratory system","","1330-20-7","Xylenes","PPRTV","400","Neuro","Impaired motor coordination","","1330-20-7","Xylenes"
"SUR","Xylenes","106-42-3","Xylenes, p-","YES","HRV","43000","Resp , Eyes , Neuro","irritant - eye and respiratory system; CNS","","1330-20-7","Xylenes","",NA,NA,"","","","IRIS","100","Neuro, Resp","Nervous system; respiratory system","","1330-20-7","Xylenes","PPRTV","400","Neuro","Impaired motor coordination","","1330-20-7","Xylenes"
"SUR","Zn, Cr","13530-65-9","Zinc chromate","YES","",NA,"","","","","","HRV","0.012","0.00083","0","18540-29-9","Chromic acid mists and dissolved Cr(VI) aerosols","IRIS","0.008","Resp","nasal septum atrophy","","18540-29-9","Chromic acid mists and dissolved Cr(VI) aerosols","HRV","0.02","Resp","Upper and lower respiratory","0","18540-29-9","Chromic acid mists and dissolved Cr(VI) aerosols"
"","","64-19-7","Acetic Acid","","","700","Ethanol specific","","MDH Provisional Ethanol Industry Pollutants","","","",NA,NA,"","","","","60","Ethanol specific","","MDH Provisional Ethanol Industry Pollutants","","","",NA,"","","MDH Provisional Ethanol Industry Pollutants","",""
"","","64-16-6","Formic Acid","","","270","Ethanol specific","","MDH Provisional Ethanol Industry Pollutants","","","",NA,NA,"","","","",NA,"","","MDH Provisional Ethanol Industry Pollutants","","","",NA,"","","MDH Provisional Ethanol Industry Pollutants","",""
"","","50-21-5","Lactic Acid","","","850","Ethanol specific","","MDH Provisional Ethanol Industry Pollutants","","","",NA,NA,"","","","","70","Ethanol specific","","MDH Provisional Ethanol Industry Pollutants","","","",NA,"","","MDH Provisional Ethanol Industry Pollutants","",""
"","","79-09-4","Propionic Acid","","","850","Ethanol specific","","MDH Provisional Ethanol Industry Pollutants","","","",NA,NA,"","","","","70","Ethanol specific","","MDH Provisional Ethanol Industry Pollutants","","","",NA,"","","MDH Provisional Ethanol Industry Pollutants","",""
"","","71-36-3","Butanol","","","4300","Ethanol specific","","MDH Provisional Ethanol Industry Pollutants","","","",NA,NA,"","","","","360","Ethanol specific","","MDH Provisional Ethanol Industry Pollutants","","","",NA,"","","MDH Provisional Ethanol Industry Pollutants","",""
"","","67-17-5","Ethanol","","","180000","Ethanol specific","","MDH Provisional Ethanol Industry Pollutants","","","",NA,NA,"","","","","15000","Ethanol specific","","MDH Provisional Ethanol Industry Pollutants","","","",NA,"","","MDH Provisional Ethanol Industry Pollutants","",""
"","","121-51-3","Isoamyl","","","10200","Ethanol specific","","MDH Provisional Ethanol Industry Pollutants","","","",NA,NA,"","","","","860","Ethanol specific","","MDH Provisional Ethanol Industry Pollutants","","","",NA,"","","MDH Provisional Ethanol Industry Pollutants","",""
"","","71-23-8","Propanol","","","14000","Ethanol specific","","MDH Provisional Ethanol Industry Pollutants","","","",NA,NA,"","","","","1200","Ethanol specific","","MDH Provisional Ethanol Industry Pollutants","","","",NA,"","","MDH Provisional Ethanol Industry Pollutants","",""
"","","123-72-8","Butyraldehyde","","","2100","Ethanol specific","","MDH Provisional Ethanol Industry Pollutants","","","",NA,NA,"","","","","70","Ethanol specific","","MDH Provisional Ethanol Industry Pollutants","","","",NA,"","","MDH Provisional Ethanol Industry Pollutants","",""
"","","98-01-0","Furfural","","","230","Ethanol specific","","MDH Provisional Ethanol Industry Pollutants","","","",NA,NA,"","","","","20","Ethanol specific","","MDH Provisional Ethanol Industry Pollutants","","","",NA,"","","MDH Provisional Ethanol Industry Pollutants","",""
"","","128-38-6","Proprionaldehyde","","","1300","Ethanol specific","","MDH Provisional Ethanol Industry Pollutants","","","",NA,NA,"","","","","110","Ethanol specific","","MDH Provisional Ethanol Industry Pollutants","","","",NA,"","","MDH Provisional Ethanol Industry Pollutants","",""
"","","100-52-7","Benzaldehyde","","","240","Ethanol specific","","MDH Provisional Ethanol Industry Pollutants","","","",NA,NA,"","","","","20","Ethanol specific","","MDH Provisional Ethanol Industry Pollutants","","","",NA,"","","MDH Provisional Ethanol Industry Pollutants","",""
"","","141-78-6","Ethyl Acetate","","","40000","Ethanol specific","","MDH Provisional Ethanol Industry Pollutants","","","",NA,NA,"","","","","3300","Ethanol specific","","MDH Provisional Ethanol Industry Pollutants","","","",NA,"","","MDH Provisional Ethanol Industry Pollutants","",""
