"","Pollutant","CAS","Acute Reference Conc (ug/m3)","Chronic Non-cancer Reference Conc (ug/m3)","Chronic cancer risk of 1E-5 Air Conc (ug/m3)","State"
"1","Acetaldehyde","75-07-0",4504,NA,4.54545454545455,"Wisconsin"
"2","Acetamide","60-35-5",NA,NA,NA,"Wisconsin"
"3","Acetic acid","64-19-7",NA,NA,NA,"Wisconsin"
"4","Acetonitrile","75-05-8",NA,NA,NA,"Wisconsin"
"5","Acrolein","107-02-8",22.9,NA,NA,"Wisconsin"
"6","Acrylamide","79-06-1",NA,NA,0.00769230769230769,"Wisconsin"
"7","Acrylic acid","79-10-7",NA,1,NA,"Wisconsin"
"8","Acrylonitrile","107-13-1",NA,NA,0.147058823529412,"Wisconsin"
"9","Adiponitrile","111-69-3",NA,NA,NA,"Wisconsin"
"10","Aldrin","309-00-2",NA,NA,NA,"Wisconsin"
"11","Allyl chloride","107-05-1",NA,NA,NA,"Wisconsin"
"12","Aluminum alkyls and soluble salts, as Al","7429-90-5",NA,NA,NA,"Wisconsin"
"13","Aluminum pyro powders, as Al","7429-90-5",NA,NA,NA,"Wisconsin"
"14","Ammonia","7664-41-7",NA,100,NA,"Wisconsin"
"15","Aniline","62-53-3",NA,NA,NA,"Wisconsin"
"16","Antimony and compounds, as Sb","7440-36-0",NA,NA,NA,"Wisconsin"
"17","Antimony trioxide","1309-64-4",NA,0.2,NA,"Wisconsin"
"18","Arsenic, elemental and inorganic compounds, as As","7440-38-2",NA,NA,0.00232558139534884,"Wisconsin"
"19","Arsine","7784-42-1",NA,0.05,NA,"Wisconsin"
"20","Benzanthracene","56-55-3",NA,NA,0.0909090909090909,"Wisconsin"
"21","Benzene","71-43-2",NA,NA,1.28205128205128,"Wisconsin"
"22","Benzidine","92-87-5",NA,NA,0.000149253731343284,"Wisconsin"
"23","Benzo(a)phenanthrene (Chrysene)","218-01-9",NA,NA,NA,"Wisconsin"
"24","Benzo(j,k)fluorene","206-44-0",NA,NA,NA,"Wisconsin"
"25","Benzobfluoranthene","205-99-2",NA,NA,0.0909090909090909,"Wisconsin"
"26","Benzojfluoranthene","205-82-3",NA,NA,0.0909090909090909,"Wisconsin"
"27","Benzokfluoranthene","207-08-9",NA,NA,0.0909090909090909,"Wisconsin"
"28","Benzopyrene","50-32-8",NA,NA,0.00909090909090909,"Wisconsin"
"29","Benzyl chloride","100-44-7",NA,NA,NA,"Wisconsin"
"30","Beryllium and beryllium compounds, as Be","7440-41-7",NA,0.02,0.00416666666666667,"Wisconsin"
"31","Biphenyl","92-52-4",NA,NA,NA,"Wisconsin"
"32","Bischloroethyl ether  (Dichloroethyl ether)","111-44-4",NA,NA,NA,"Wisconsin"
"33","Bischloromethyl ether","542-88-1",NA,NA,0.000161290322580645,"Wisconsin"
"34","Bisethyl hexyl phthalate  (Diethyl hexyl phthalate)","117-81-7",NA,NA,NA,"Wisconsin"
"35","Bromoform","75-25-2",NA,NA,NA,"Wisconsin"
"36","Bromomethane  (Methyl bromide)","74-83-9",NA,5,NA,"Wisconsin"
"37","Butadiene, 1,3-","106-99-0",NA,NA,0.333333333333333,"Wisconsin"
"38","Butanol, sec-","78-92-2",NA,NA,NA,"Wisconsin"
"39","Butoxyethanol, 2- (Ethylene glycol monobutyl ether; EGBE; butyl cellosolve)","111-76-2",NA,13000,NA,"Wisconsin"
"40","Butyl alcohol, n- (n-Butanol)","71-36-3",15157,NA,NA,"Wisconsin"
"41","Butyl Cellosolve  (2-Butoxyethanol; ethylene glycol monobutyl ether; EGBE)","111-76-2",NA,13000,NA,"Wisconsin"
"42","Cadmium and cadmium compounds, as Cd","7440-43-9",NA,NA,0.00555555555555556,"Wisconsin"
"43","Caprolactam (aerosol and vapor)","105-60-2",NA,NA,NA,"Wisconsin"
"44","Carbon monoxide","630-08-0",NA,NA,NA,"Wisconsin"
"45","Carbondisulfide","75-15-0",NA,700,NA,"Wisconsin"
"46","Carbontetrachloride","56-23-5",NA,NA,0.666666666666667,"Wisconsin"
"47","Carbonyl sulfide","463-58-1",NA,NA,NA,"Wisconsin"
"48","Cellosolve  (2-Ethoxyethanol)","110-80-5",NA,200,NA,"Wisconsin"
"49","Cellosolve acetate  (2-Ethoxyethanol acetate)","111-15-9",NA,NA,NA,"Wisconsin"
"50","Chlorinated camphene (Toxaphene)","8001-35-2",NA,NA,0.03125,"Wisconsin"
"51","Chlorinated paraffins (C12; 60% chlorine)","108171-26-2",NA,NA,0.4,"Wisconsin"
"52","Chlorine","7782-50-5",NA,NA,NA,"Wisconsin"
"53","Chlorine dioxide","10049-04-4",NA,NA,NA,"Wisconsin"
"54","Chloroacetophenone, 2-","532-27-4",NA,NA,NA,"Wisconsin"
"55","Chlorobenzene (Monochlorobenzene)","108-90-7",NA,NA,NA,"Wisconsin"
"56","Chlorobromomethane","74-97-5",NA,NA,NA,"Wisconsin"
"57","Chlorodifluoroethane, 1-","75-68-3",NA,50000,NA,"Wisconsin"
"58","Chlorodifluoromethane","75-45-6",NA,50000,NA,"Wisconsin"
"59","Chlorodiphenyls  (Polychlorinated biphenyls) (PCBs)","1336-36-3",NA,NA,0.1,"Wisconsin"
"60","Chloroepoxypropane  (Epichlorohydrin)","106-89-8",NA,1,8.33333333333333,"Wisconsin"
"61","Chloroethane  (Ethyl chloride)","75-00-3",NA,10000,NA,"Wisconsin"
"62","Chlorofluorocarbon-11 (CFC-11; R-11; Trichlorofluoromethane)","75-69-4",NA,NA,NA,"Wisconsin"
"63","Chlorofluorocarbon-12 (CFC-12; R-12; Dichlorodifluoromethane)","75-71-8",NA,NA,NA,"Wisconsin"
"64","Chloroform","67-66-3",NA,NA,1.88679245283019,"Wisconsin"
"65","Chloromethane  (Methyl chloride)","74-87-3",NA,NA,NA,"Wisconsin"
"66","Chloropicrin (Trichloronitromethane)","76-06-2",NA,NA,NA,"Wisconsin"
"67","Chloroprene, beta-","126-99-8",NA,NA,NA,"Wisconsin"
"68","Chromium  (metal) and compounds other than Chromium (VI)","7440-47-3",NA,NA,NA,"Wisconsin"
"69","Chromium (VI): Chromic acid mists and dissolved Cr (VI) aerosols, as Cr","7440-47-3",NA,0.008,0.000833333333333333,"Wisconsin"
"70","Chromium (VI): compounds and particulates","7440-47-3",NA,0.1,0.000833333333333333,"Wisconsin"
"71","Cobalt, elemental, and inorganic compounds, as Co","7440-48-4",NA,NA,NA,"Wisconsin"
"72","Copper and compounds, dusts and mists, as Cu","7440-50-8",NA,NA,NA,"Wisconsin"
"73","Copper and compounds, fume, as Cu","7440-50-8",NA,NA,NA,"Wisconsin"
"74","Cresidine, p-","120-71-8",NA,NA,0.232558139534884,"Wisconsin"
"75","Cresol (mixtures and isomers)","1319-77-3",NA,NA,NA,"Wisconsin"
"76","Cumene (Isopropyl benzene)","98-82-8",NA,NA,NA,"Wisconsin"
"77","DBCP  (1,2-Dibromo-3-chloropropane)","96-12-8",NA,NA,0.00526315789473684,"Wisconsin"
"78","DDT (Dichlorodiphenyltrichloroethane)","50-29-3",NA,NA,0.103092783505155,"Wisconsin"
"79","Diaminotoluene, 2,4- (Toluene-2,4-diamine)","95-80-7",NA,NA,0.00909090909090909,"Wisconsin"
"80","Dibenzacridine (a,h)","226-36-8",NA,NA,0.0909090909090909,"Wisconsin"
"81","Dibenzacridine (a,j)","224-42-0",NA,NA,0.0909090909090909,"Wisconsin"
"82","Dibenzanthracene (a,h)","53-70-3",NA,NA,0.00833333333333333,"Wisconsin"
"83","Dibenzocarbazole (c,g), 7H-","194-59-2",NA,NA,0.00909090909090909,"Wisconsin"
"84","Dibenzopyrene (a,e)","192-65-4",NA,NA,0.00909090909090909,"Wisconsin"
"85","Dibenzopyrene (a,h)","189-64-0",NA,NA,0.000909090909090909,"Wisconsin"
"86","Dibenzopyrene (a,i)","189-55-9",NA,NA,0.000909090909090909,"Wisconsin"
"87","Dibenzopyrene (a,l)","191-30-0",NA,NA,0.000909090909090909,"Wisconsin"
"88","Dibromochloropropane, 1,2- (DBCP)","96-12-8",NA,NA,0.00526315789473684,"Wisconsin"
"89","Dibromoethane, 1,2- (Ethylene Dibromide; EDB)","106-93-4",NA,NA,0.0454545454545455,"Wisconsin"
"90","Dichlorobenzene, p -  (1,4-Dichlorobenzene)","106-46-7",NA,800,0.909090909090909,"Wisconsin"
"91","Dichlorobenzidine, 3,3'-","91-94-1",NA,NA,0.0294117647058824,"Wisconsin"
"92","Dichlorodiphenyltrichloroethane  (DDT)","50-29-3",NA,NA,0.103092783505155,"Wisconsin"
"93","Dichloroethane, 1,1- (Ethylidene dichloride)","75-34-3",NA,NA,NA,"Wisconsin"
"94","Dichloroethane, 1,2- (Ethylene dichloride; EDC)","107-06-2",NA,NA,0.384615384615385,"Wisconsin"
"95","Dichloroethyl ether (Bis(2-chloroethyl)ether)","111-44-4",NA,NA,NA,"Wisconsin"
"96","Dichloroethylene, 1,1- (Vinylidene chloride)","75-35-4",NA,NA,NA,"Wisconsin"
"97","Dichloromethane  (Methylene chloride)","75-09-2",NA,NA,21.2765957446809,"Wisconsin"
"98","Dichloropropane, 1,2-   (Propylene dichloride)","78-87-5",NA,4,NA,"Wisconsin"
"99","Dichloropropene, 1,3-","542-75-6",NA,20,2.5,"Wisconsin"
"100","Dichlorvos","62-73-7",NA,0.5,NA,"Wisconsin"
"101","Dicyclopentadiene","77-73-6",NA,NA,NA,"Wisconsin"
"102","Dieldrin","60-57-1",NA,NA,NA,"Wisconsin"
"103","Diethanolamine","111-42-2",NA,NA,NA,"Wisconsin"
"104","Diethyl hexyl phthalate (Bis(2-ethyl hexyl) phthalate; Di-sec-octyl phthalate; DEHP)","117-81-7",NA,NA,NA,"Wisconsin"
"105","Diethylene oxide, 1,4-   (1,4-Dioxane)","123-91-1",NA,NA,3.2258064516129,"Wisconsin"
"106","Difluoroethane, 1,1-","75-37-6",NA,40000,NA,"Wisconsin"
"107","Dimethyl aminoazobenzene, 4-","60-11-7",NA,NA,0.00769230769230769,"Wisconsin"
"108","Dimethyl benzene (Xylene(mixtures and isomers); Xylol)","1330-20-7",NA,NA,NA,"Wisconsin"
"109","Dimethyl formamide, N,N-","68-12-2",NA,30,NA,"Wisconsin"
"110","Dimethyl hydrazine ,1,1-","57-14-7",NA,NA,NA,"Wisconsin"
"111","Dioxane , 1,4-  (1,4-Diethylene oxide)","123-91-1",NA,NA,3.2258064516129,"Wisconsin"
"112","Dioxin  (2,3,7,8-Tetrachlorodibenzo-p-dioxin)","1746-01-6",NA,NA,3.03030303030303e-07,"Wisconsin"
"113","EGBE  (2-Butoxyethanol; Ethylene glycol monobutyl ether; butyl cellosolve)","111-76-2",NA,13000,NA,"Wisconsin"
"114","EGEE  (2-Ethoxyethanol; Ethylene glycol monoethyl ether; cellosolve)","110-80-5",NA,200,NA,"Wisconsin"
"115","EGEEA  (2-Ethoxyethyl acetate; Ethylene glycol monoethyl ether acetate; Cellosolve acetate)","111-15-9",NA,NA,NA,"Wisconsin"
"116","EGME (2-Methoxyethanol; MethylCellosolve)","109-86-4",NA,NA,NA,"Wisconsin"
"117","EGMEA (2-Methoxyethyl acetate; MethylCellosolve acetate)","110-49-6",NA,NA,NA,"Wisconsin"
"118","Epichlorohydrin (1-Chloro-2,3-epoxypropane)","106-89-8",NA,1,8.33333333333333,"Wisconsin"
"119","Epoxybutane, 1,2- (1,2-Butylene oxide)","106-88-7",NA,20,NA,"Wisconsin"
"120","Ethoxyethanol, 2- (Ethylene glycol monoethyl ether; EGEE; cellosolve)","110-80-5",NA,200,NA,"Wisconsin"
"121","Ethoxyethyl acetate, 2- (Ethylene glycol monoethyl ether acetate; EGEEA; cellosolve acetate)","111-15-9",NA,NA,NA,"Wisconsin"
"122","Ethylacetate","141-78-6",NA,NA,NA,"Wisconsin"
"123","Ethylacrylate","140-88-5",NA,NA,NA,"Wisconsin"
"124","Ethylbenzene","100-41-4",NA,1000,NA,"Wisconsin"
"125","Ethylcarbamate  (Urethane)","51-79-6",NA,NA,0.0344827586206897,"Wisconsin"
"126","Ethylchloride (Chloroethane)","75-00-3",NA,10000,NA,"Wisconsin"
"127","Ethylene dibromide (EDB; 1,2-Dibromoethane)","106-93-4",NA,NA,0.0454545454545455,"Wisconsin"
"128","Ethylene dichloride (EDC; 1,2-Dichloroethane)","107-06-2",NA,NA,0.384615384615385,"Wisconsin"
"129","Ethylene glycol monobutyl ether (2-Butoxyethanol; EGBE; butyl cellosolve)","111-76-2",NA,13000,NA,"Wisconsin"
"130","Ethylene glycol monoethyl ether (2-Ethoxyethanol; EGEE; cellosolve)","110-80-5",NA,200,NA,"Wisconsin"
"131","Ethylene glycol monoethyl ether acetate (2-Ethoxyethyl acetate; EGEEA; Cellosolve Acetate)","111-15-9",NA,NA,NA,"Wisconsin"
"132","Ethylene glycol vapor and aerosol","107-21-1",10000,NA,NA,"Wisconsin"
"133","Ethylene oxide","75-21-8",NA,NA,0.113636363636364,"Wisconsin"
"134","Ethylene thiourea","96-45-7",NA,NA,0.769230769230769,"Wisconsin"
"135","Ethylidene dichloride  (1,1-Dichloroethane)","75-34-3",NA,NA,NA,"Wisconsin"
"136","Formaldehyde","50-00-0",NA,NA,0.769230769230769,"Wisconsin"
"137","Formic acid","64-18-6",NA,NA,NA,"Wisconsin"
"138","Furfural","98-01-1",NA,NA,NA,"Wisconsin"
"139","Glutaraldehyde","111-30-8",20.5,NA,NA,"Wisconsin"
"140","Heptachlor and heptachlor epoxide","76-44-8",NA,NA,NA,"Wisconsin"
"141","Hexachlorobenzene (HCB)","118-74-1",NA,NA,0.0217391304347826,"Wisconsin"
"142","Hexachlorobutadiene","87-68-3",NA,NA,NA,"Wisconsin"
"143","Hexachlorocyclohexane and isomers  (Lindane and isomers)","58-89-9",NA,NA,0.032258064516129,"Wisconsin"
"144","Hexachlorocyclopentadiene","77-47-4",NA,NA,NA,"Wisconsin"
"145","Hexachloroethane","67-72-1",NA,NA,2.5,"Wisconsin"
"146","Hexamethylene-1,6-diisocyanate (HDI)","822-06-0",NA,0.01,NA,"Wisconsin"
"147","Hexane, n-","110-54-3",NA,200,NA,"Wisconsin"
"148","Hexone (Methyl isobutyl ketone; MIBK)","108-10-1",NA,NA,NA,"Wisconsin"
"149","Hydrazine and hydrazine sulfate","302-01-2",NA,NA,0.00204081632653061,"Wisconsin"
"150","Hydrochloric acid (Hydrogen chloride; Muriatic acid)","7647-01-0",746,20,NA,"Wisconsin"
"151","Hydrogen chloride (Hydrochloric acid; Muriatic acid)","7647-01-0",746,20,NA,"Wisconsin"
"152","Hydrogen cyanide","74-90-8",520,NA,NA,"Wisconsin"
"153","Hydrogen fluoride (Hydrofluoric acid)","7664-39-3",246,NA,NA,"Wisconsin"
"154","Hydrogen sulfide","7783-06-4",NA,NA,NA,"Wisconsin"
"155","Indenopyrene","193-39-5",NA,NA,0.0909090909090909,"Wisconsin"
"156","Isophorone","78-59-1",2826,NA,NA,"Wisconsin"
"157","Isopropyl benzene (Cumene)","98-82-8",NA,NA,NA,"Wisconsin"
"158","Lead compounds","7439-92-1",NA,NA,NA,"Wisconsin"
"159","Lindane and other hexachlorocyclohexane isomers","58-89-9",NA,NA,0.032258064516129,"Wisconsin"
"160","Maleic anhydride","108-31-6",NA,NA,NA,"Wisconsin"
"161","Manganese, elemental and inorganic compounds, as Mn","7439-96-5",NA,NA,NA,"Wisconsin"
"162","Mercury, as Hg, alkyl compounds","7439-97-6",NA,NA,NA,"Wisconsin"
"163","Mercury, as Hg, aryl compounds","7439-97-6",NA,NA,NA,"Wisconsin"
"164","Mercury, as Hg, inorganic forms including metallic mercury","7439-97-6",NA,0.3,NA,"Wisconsin"
"165","Methanol","67-56-1",NA,NA,NA,"Wisconsin"
"166","Methoxyethanol, 2- (Methyl Cellosolve; EGME)","109-86-4",NA,NA,NA,"Wisconsin"
"167","Methoxyethyl acetate, 2- (MethylCellosolve acetate; EGMEA)","110-49-6",NA,NA,NA,"Wisconsin"
"168","Methyl Cellosolve (2-Methoxyethanol; EGME)","109-86-4",NA,NA,NA,"Wisconsin"
"169","Methyl Cellosolve acetate (2-Methoxyethyl acetate; EGMEA)","110-49-6",NA,NA,NA,"Wisconsin"
"170","Methyl chloroform (1,1,1-Trichloroethane; TCA)","71-55-6",NA,NA,NA,"Wisconsin"
"171","Methyl ethyl ketone (2-Butanone; MEK)","78-93-3",NA,NA,NA,"Wisconsin"
"172","Methylacrylate","96-33-3",NA,NA,NA,"Wisconsin"
"173","Methylacrylonitrile","126-98-7",NA,NA,NA,"Wisconsin"
"174","Methylbromide (Bromomethane)","74-83-9",NA,5,NA,"Wisconsin"
"175","Methylbutyl ketone","591-78-6",NA,NA,NA,"Wisconsin"
"176","Methylchloride (Chloromethane)","74-87-3",NA,NA,NA,"Wisconsin"
"177","Methylchrysene, 5-","3697-24-3",NA,NA,0.00909090909090909,"Wisconsin"
"178","Methylene bisphenyl isocyanate (Methylene diphenyl isocyanate; MDI)","101-68-8",NA,0.6,NA,"Wisconsin"
"179","Methylene chloride (Dichloromethane)","75-09-2",NA,NA,21.2765957446809,"Wisconsin"
"180","Methylenebischloroaniline  (MOCA)","101-14-4",NA,NA,0.0232558139534884,"Wisconsin"
"181","Methylenedianiline, 4,4- (and dihydrochloride)","101-77-9",NA,NA,0.0217391304347826,"Wisconsin"
"182","Methylhydrazine","60-34-4",NA,NA,NA,"Wisconsin"
"183","Methylisobutyl ketone (MIBK; Hexone)","108-10-1",NA,NA,NA,"Wisconsin"
"184","Methylisocyanate","624-83-9",NA,NA,NA,"Wisconsin"
"185","Methylmethacrylate","80-62-6",NA,700,NA,"Wisconsin"
"186","Methyltertbutyl ether (MTBE)","1634-04-4",NA,3000,NA,"Wisconsin"
"187","MIBK  (Methyl isobutyl ketone; Hexone)","108-10-1",NA,NA,NA,"Wisconsin"
"188","Monochlorobenzene  (chlorobenzene)","108-90-7",NA,NA,NA,"Wisconsin"
"189","MTBE  (Methyl tert-butyl ether)","1634-04-4",NA,3000,NA,"Wisconsin"
"190","Muriatic acid (Hydrogen chloride; Hydrochloric acid)","7647-01-0",746,20,NA,"Wisconsin"
"191","Naphthalene","91-20-3",NA,NA,NA,"Wisconsin"
"192","Nickel and compounds, as Ni","7440-02-0",NA,NA,0.0384615384615385,"Wisconsin"
"193","Nickel subsulfide, as Ni","12035-72-2",NA,NA,0.0208333333333333,"Wisconsin"
"194","Nitric acid","7697-37-2",NA,NA,NA,"Wisconsin"
"195","Nitroaniline, p-","100-01-6",NA,NA,NA,"Wisconsin"
"196","Nitrobenzene","98-95-3",NA,NA,NA,"Wisconsin"
"197","Nitrochlorobenzene, p-","100-00-5",NA,NA,NA,"Wisconsin"
"198","Nitromethane","75-52-5",NA,NA,NA,"Wisconsin"
"199","Nitropropane, 2-","79-46-9",NA,NA,1.78571428571429,"Wisconsin"
"200","Nitropyrene, 1-","5522-43-0",NA,NA,0.0909090909090909,"Wisconsin"
"201","Nitrosodibutylamine","924-16-3",NA,NA,0.0032258064516129,"Wisconsin"
"202","Nitrosodiethylamine","55-18-5",NA,NA,0.001,"Wisconsin"
"203","Nitrosodimethylamine","62-75-9",NA,NA,0.000714285714285714,"Wisconsin"
"204","Nitrosodipropylamine","621-64-7",NA,NA,0.005,"Wisconsin"
"205","Nitrosomorpholine","59-89-2",NA,NA,0.00526315789473684,"Wisconsin"
"206","Nitrosopiperidine","100-75-4",NA,NA,0.037037037037037,"Wisconsin"
"207","Nitrosopyrrolidine","930-55-2",NA,NA,0.0166666666666667,"Wisconsin"
"208","Pentachlorophenol (PCP)","87-86-5",NA,NA,NA,"Wisconsin"
"209","Perchloroethylene (Tetrachloroethylene)","127-18-4",NA,NA,1.69491525423729,"Wisconsin"
"210","PGME (Propylene glycol monomethyl ether)","107-98-2",NA,2000,NA,"Wisconsin"
"211","Phenol","108-95-2",NA,NA,NA,"Wisconsin"
"212","Phosgene","75-44-5",NA,NA,NA,"Wisconsin"
"213","Phosphine","7803-51-2",NA,NA,NA,"Wisconsin"
"214","Phosphoric acid","7664-38-2",NA,10,NA,"Wisconsin"
"215","Phthalic anhydride","85-44-9",NA,NA,NA,"Wisconsin"
"216","Polychlorinated biphenyls (PCBs; Chlorodiphenyls; Arochlor)","1336-36-3",NA,NA,0.1,"Wisconsin"
"217","Propane sultone, 1,3-","1120-71-4",NA,NA,0.0144927536231884,"Wisconsin"
"218","Propionaldehyde","123-38-6",NA,NA,NA,"Wisconsin"
"219","Propionic acid","79-09-4",NA,NA,NA,"Wisconsin"
"220","Propylene dichloride (1,2-Dichloropropane)","78-87-5",NA,4,NA,"Wisconsin"
"221","Propylene glycol monomethyl ether (PGME)","107-98-2",NA,2000,NA,"Wisconsin"
"222","Propylene oxide","75-56-9",NA,30,2.7027027027027,"Wisconsin"
"223","Selenium and compounds, as Se","7782-49-2",NA,NA,NA,"Wisconsin"
"224","Sodium hydroxide","1310-73-2",200,NA,NA,"Wisconsin"
"225","Strong inorganic acid mists containing sulfuric acid (>35% by weight)","7664-93-9",NA,NA,NA,"Wisconsin"
"226","Styrene, monomer","100-42-5",NA,1000,NA,"Wisconsin"
"227","Sulfur dioxide","7446-09-5",NA,NA,NA,"Wisconsin"
"228","Sulfuric acid","7664-93-9",NA,NA,NA,"Wisconsin"
"229","TCDD (2,3,7,8-Tetrachlorodibenzo-p-dioxin)","1746-01-6",NA,NA,3.03030303030303e-07,"Wisconsin"
"230","Tetrachlorodibenzo-p-dioxin, 2,3,7,8- (Dioxin; 2,3,7,8-TCDD), as dioxin equivalents","1746-01-6",NA,NA,3.03030303030303e-07,"Wisconsin"
"231","Tetrachloroethane, 1,1,2,2-","79-34-5",NA,NA,NA,"Wisconsin"
"232","Tetrachloroethylene (Perchloroethylene)","127-18-4",NA,NA,1.69491525423729,"Wisconsin"
"233","Tetrafluoroethane, 1,1,1,2-","811-97-2",NA,80000,NA,"Wisconsin"
"234","Tetrahydrofuran","109-99-9",NA,NA,NA,"Wisconsin"
"235","Toluene (Toluol)","108-88-3",NA,400,NA,"Wisconsin"
"236","Toluene diisocyanate, 2,4-/2,6- (mixtures and isomers) (TDI),","584-84-9",NA,0.07,0.909090909090909,"Wisconsin"
"237","Toluene-2,4-diamine  (2,4-Diaminotoluene)","95-80-7",NA,NA,0.00909090909090909,"Wisconsin"
"238","Toluol (Toluene)","108-88-3",NA,400,NA,"Wisconsin"
"239","Toxaphene (Chlorinated camphene)","8001-35-2",NA,NA,0.03125,"Wisconsin"
"240","Trichlorobenzene, 1,2,4-","120-82-1",3711,NA,NA,"Wisconsin"
"241","Trichloroethane, 1,1,2-","79-00-5",NA,NA,NA,"Wisconsin"
"242","Trichloroethylene (Trichloroethene)","79-01-6",NA,NA,5,"Wisconsin"
"243","Trichloronitromethane (Chloropicrin)","76-06-2",NA,NA,NA,"Wisconsin"
"244","Trichlorophenol,2,4,6-","88-06-2",NA,NA,3.2258064516129,"Wisconsin"
"245","Trichloropropane, 1,2,3-","96-18-4",NA,NA,NA,"Wisconsin"
"246","Triethylamine","121-44-8",NA,NA,NA,"Wisconsin"
"247","Urethane (Ethyl carbamate)","51-79-6",NA,NA,0.0344827586206897,"Wisconsin"
"248","Vanadium pentoxide, as V2O5, respirable dust and fume","1314-62-1",NA,NA,NA,"Wisconsin"
"249","Vinylacetate","108-05-4",NA,200,NA,"Wisconsin"
"250","Vinylbromide","593-60-2",NA,NA,NA,"Wisconsin"
"251","Vinylchloride","75-01-4",NA,100,1.13636363636364,"Wisconsin"
"252","Vinylidene chloride (1,1-Dichloroethylene)","75-35-4",NA,NA,NA,"Wisconsin"
"253","Xylene (mixtures and isomers) (Xylol; Dimethyl Benzene)","1330-20-7",NA,NA,NA,"Wisconsin"
"254","formaldehyde","50-00-0",0,0,0.8,"Michigan"
"255","lactic acid","50-21-5",0,7,NA,"Michigan"
"256","ddt","50-29-3",0,0,0.1,"Michigan"
"257","benzo(a)pyrene","50-32-8",0,0,0.006,"Michigan"
"258","dibenz(a,h)anthracene","53-70-3",0,0,NA,"Michigan"
"259","carbon tetrachloride","56-23-5",0,480,1.7,"Michigan"
"260","3-methylcholanthrene","56-49-5",0,0,NA,"Michigan"
"261","benz(a)anthracene","56-55-3",0,0,NA,"Michigan"
"262","cyanide","57-12-5",50,0.8,NA,"Michigan"
"263","7,12-dimethylbenz(a)anthracene","57-97-6",0,0,NA,"Michigan"
"264","methyl hydrazine","60-34-4",0,0.03,0.087,"Michigan"
"265","dieldrin","60-57-1",0,0,0.002,"Michigan"
"266","aniline","62-53-3",0,1,6,"Michigan"
"267","dichlorvos","62-73-7",0,0.5,NA,"Michigan"
"268","n-nitrosodimethylamine","62-75-9",0,0,7e-04,"Michigan"
"269","formic acid","64-18-6",0,2,NA,"Michigan"
"270","acetic acid","64-19-7",0,0,NA,"Michigan"
"271","methanol","67-56-1",28000,0,NA,"Michigan"
"272","isopropyl alcohol","67-63-0",0,0,NA,"Michigan"
"273","chloroform","67-66-3",0,0,4,"Michigan"
"274","hexachloroethane","67-72-1",0,30,1,"Michigan"
"275","N,N-dimethylformamide","68-12-2",0,30,NA,"Michigan"
"276","n-propyl alcohol","71-23-8",0,730,NA,"Michigan"
"277","n-butanol","71-36-3",0,0,NA,"Michigan"
"278","benzene","71-43-2",0,30,1,"Michigan"
"279","methyl chloroform","71-55-6",0,0,NA,"Michigan"
"280","methyl bromide","74-83-9",0,5,NA,"Michigan"
"281","methyl chloride","74-87-3",0,90,NA,"Michigan"
"282","chlorobromomethane","74-97-5",0,0,NA,"Michigan"
"283","ethyl chloride","75-00-3",0,0,NA,"Michigan"
"284","vinyl chloride","75-01-4",0,100,1.1,"Michigan"
"285","acetonitrile","75-05-8",0,200,NA,"Michigan"
"286","acetaldehyde","75-07-0",0,9,5,"Michigan"
"287","methylene chloride","75-09-2",14000,2000,600,"Michigan"
"288","carbon disulfide","75-15-0",0,0,NA,"Michigan"
"289","ethylene oxide","75-21-8",0,0,0.3,"Michigan"
"290","bromoform","75-25-2",0,0,9,"Michigan"
"291","1,1-dichloroethane","75-34-3",0,0,NA,"Michigan"
"292","vinylidene chloride (1,1-dichloroethylene)","75-35-4",0,0,NA,"Michigan"
"293","1,1-difluoroethane","75-37-6",0,0,NA,"Michigan"
"294","phosgene","75-44-5",0,0.3,NA,"Michigan"
"295","chlorodifluoromethane","75-45-6",0,0,NA,"Michigan"
"296","nitromethane","75-52-5",0,70,1,"Michigan"
"297","propylene oxide","75-56-9",0,30,3,"Michigan"
"298","1-chloro-1,1-difluoroethane","75-68-3",0,0,NA,"Michigan"
"299","trichlorofluoromethane","75-69-4",56200,0,NA,"Michigan"
"300","dichlorodifluoromethane","75-71-8",0,0,NA,"Michigan"
"301","heptachlor","76-44-8",0,0,0.008,"Michigan"
"302","hexachlorocyclopentadiene","77-47-4",0,0.2,NA,"Michigan"
"303","dicyclopentadiene","77-73-6",0,1,NA,"Michigan"
"304","isophorone","78-59-1",280,0,37,"Michigan"
"305","propylene dichloride","78-87-5",0,4,2,"Michigan"
"306","sec-butyl alcohol","78-92-2",0,0,NA,"Michigan"
"307","methyl ethyl ketone","78-93-3",0,0,NA,"Michigan"
"308","1,1,2-trichloroethane","79-00-5",0,0,0.6,"Michigan"
"309","trichloroethylene","79-01-6",0,0,2,"Michigan"
"310","acrylamide","79-06-1",0,0,0.05,"Michigan"
"311","propionic acid","79-09-4",0,0,NA,"Michigan"
"312","acrylic acid","79-10-7",0,1,NA,"Michigan"
"313","1,1,2,2-tetrachloroethane","79-34-5",0,0,0.2,"Michigan"
"314","2-nitropropane","79-46-9",0,20,0.0037,"Michigan"
"315","methyl methacrylate","80-62-6",0,0,NA,"Michigan"
"316","phenanthrene","85-01-8",0,0.1,NA,"Michigan"
"317","phthalic anhydride","85-44-9",0,20,NA,"Michigan"
"318","hexachlorobutadiene","87-68-3",0,0,0.5,"Michigan"
"319","pentachlorophenol","87-86-5",0,0,0.09,"Michigan"
"320","2,4,6-trichlorophenol","88-06-2",0,0,3,"Michigan"
"321","1-chloro-2-nitrobenzene","88-73-3",0,0,2.1,"Michigan"
"322","2,6-toluene diisocyanate","91-08-7",0,0.07,0.3,"Michigan"
"323","naphthalene","91-20-3",0,3,0.8,"Michigan"
"324","dichlorobenzidine","91-94-1",0,0,0.02,"Michigan"
"325","biphenyl","92-52-4",0,0,4.3,"Michigan"
"326","benzidine","92-87-5",0,0,2e-04,"Michigan"
"327","o-xylene","95-47-6",0,390,NA,"Michigan"
"328","o-cresol","95-48-7",0,0,NA,"Michigan"
"329","1,2,4-trimethylbenzene","95-63-6",0,50,NA,"Michigan"
"330","dibromochloropropane","96-12-8",0,0,0.001,"Michigan"
"331","1,2,3-trichloropropane","96-18-4",0,0,NA,"Michigan"
"332","methyl acrylate","96-33-3",0,0,NA,"Michigan"
"333","ethylene thiourea","96-45-7",0,0,0.1,"Michigan"
"334","furfural","98-01-1",0,0,0.6,"Michigan"
"335","p-chlorobenzotrifluoride","98-56-6",0,0,NA,"Michigan"
"336","cumene","98-82-8",0,0,1,"Michigan"
"337","nitrobenzene","98-95-3",0,0,0.25,"Michigan"
"338","ethylbenzene","100-41-4",0,0,30,"Michigan"
"339","styrene","100-42-5",0,1000,20,"Michigan"
"340","benzyl chloride","100-44-7",0,0,0.2,"Michigan"
"341","benzaldehyde","100-52-7",0,0,4,"Michigan"
"342","methylene diphenyl diisocyanate","101-68-8",0,0,NA,"Michigan"
"343","4,4'-methylene dianiline","101-77-9",0,0,0.22,"Michigan"
"344","azobenzene","103-33-3",0,0,0.3,"Michigan"
"345","caprolactam","105-60-2",0,0,NA,"Michigan"
"346","p-xylene","106-42-3",0,390,NA,"Michigan"
"347","p-cresol","106-44-5",0,0,NA,"Michigan"
"348","1,4-dichlorobenzene","106-46-7",0,800,0.11,"Michigan"
"349","1,2-butylene oxide","106-88-7",0,0,12,"Michigan"
"350","epichlorohydrin","106-89-8",0,1,8,"Michigan"
"351","1,2-dibromoethane","106-93-4",0,9,0.02,"Michigan"
"352","propyl bromide","106-94-5",0,0,11,"Michigan"
"353","1,3-butadiene","106-99-0",0,0,0.3,"Michigan"
"354","acrolein","107-02-8",5,0.16,NA,"Michigan"
"355","allyl chloride","107-05-1",0,1,NA,"Michigan"
"356","1,2-dichloroethane","107-06-2",0,0,0.4,"Michigan"
"357","acrylonitrile","107-13-1",0,2,0.1,"Michigan"
"358","ethylene glycol","107-21-1",1000,0,NA,"Michigan"
"359","propylene glycol monomethyl ether","107-98-2",0,0,NA,"Michigan"
"360","dimethylethanolamine","108-01-0",0,5.2,NA,"Michigan"
"361","vinyl acetate","108-05-4",0,0,NA,"Michigan"
"362","methyl isobutyl ketone","108-10-1",0,0,13,"Michigan"
"363","diisopropyl ether","108-20-3",0,0,NA,"Michigan"
"364","maleic anhydride","108-31-6",0,0,NA,"Michigan"
"365","m-xylene","108-38-3",0,390,NA,"Michigan"
"366","3-methylphenol","108-39-4",0,0,NA,"Michigan"
"367","bromobenzene","108-86-1",0,0,NA,"Michigan"
"368","toluene","108-88-3",0,0,NA,"Michigan"
"369","chlorobenzene","108-90-7",0,50,NA,"Michigan"
"370","phenol","108-95-2",0,0,NA,"Michigan"
"371","pentane","109-66-0",0,0,NA,"Michigan"
"372","2-methoxyethanol","109-86-4",0,0,NA,"Michigan"
"373","tetrahydrofuran","109-99-9",0,8000,NA,"Michigan"
"374","ethylene glycol monomethyl ether acetate","110-49-6",0,0,NA,"Michigan"
"375","n-hexane","110-54-3",0,0,NA,"Michigan"
"376","2-ethoxyethanol","110-80-5",0,0,NA,"Michigan"
"377","cyclohexane","110-82-7",0,0,NA,"Michigan"
"378","ethylene glycol monoethyl ether acetate","111-15-9",0,0,NA,"Michigan"
"379","glutaraldehyde","111-30-8",2,0.08,NA,"Michigan"
"380","diethanolamine","111-42-2",0,0,NA,"Michigan"
"381","bis-2-chloroethylether","111-44-4",0,0,0.03,"Michigan"
"382","2-butoxyethanol","111-76-2",0,0,NA,"Michigan"
"383","n-nonane","111-84-2",0,0,NA,"Michigan"
"384","diethylene glycol monoethyl ether","111-90-0",0,0,NA,"Michigan"
"385","diethylene glycol monobutyl ether","112-34-5",0,1,NA,"Michigan"
"386","propylene","115-07-1",0,0,NA,"Michigan"
"387","diethyl hexyl phthalate","117-81-7",0,70,6.1,"Michigan"
"388","hexachlorobenzene","118-74-1",0,0,0.022,"Michigan"
"389","1,2,4-trichlorobenzene","120-82-1",0,0,NA,"Michigan"
"390","2,4-dinitrotoluene","121-14-2",0,0,0.09,"Michigan"
"391","triethylamine","121-44-8",0,7,NA,"Michigan"
"392","propionaldehyde","123-38-6",0,0,NA,"Michigan"
"393","butyraldehyde","123-72-8",0,0,NA,"Michigan"
"394","1,4-dioxane","123-91-1",7200,100,2,"Michigan"
"395","beta-chloroprene","126-99-8",0,20,0.02,"Michigan"
"396","tetrachloroethylene","127-18-4",0,40,40,"Michigan"
"397","ethyl acrylate","140-88-5",0,120,NA,"Michigan"
"398","ethyl acetate","141-78-6",0,0,NA,"Michigan"
"399","trans-1-2-dichloroethylene","156-60-5",0,200,NA,"Michigan"
"400","dibenzo(a,i)pyrene","189-55-9",0,0,NA,"Michigan"
"401","dibenzo(a,h)pyrene","189-64-0",0,0,NA,"Michigan"
"402","benzo(g,h,i)perylene","191-24-2",0,13,NA,"Michigan"
"403","dibenzo(a,l)pyrene","191-30-0",0,0,NA,"Michigan"
"404","dibenzo(a,e)pyrene","192-65-4",0,0,NA,"Michigan"
"405","Indeno(1,2,3-cd)pyrene","193-39-5",0,0,NA,"Michigan"
"406","benzo(j)fluoranthene","205-82-3",0,0,NA,"Michigan"
"407","Benzo(b)fluoranthene","205-99-2",0,0,NA,"Michigan"
"408","fluoranthene","206-44-0",0,0,NA,"Michigan"
"409","Benzo(k)fluoranthene","207-08-9",0,0,NA,"Michigan"
"410","chrysene","218-01-9",0,0,NA,"Michigan"
"411","hydrazine","302-01-2",0,0,0.002,"Michigan"
"412","aldrin","309-00-2",0,0,0.002,"Michigan"
"413","alpha-hexachlorocyclohexane","319-84-6",0,0,0.006,"Michigan"
"414","carbonyl sulfide","463-58-1",0,9,NA,"Michigan"
"415","1,2,3-trimethylbenzene","526-73-8",0,50,NA,"Michigan"
"416","alpha chloroacetophenone","532-27-4",0,0.03,NA,"Michigan"
"417","1,3-dichloropropene","542-75-6",0,20,2,"Michigan"
"418","bis(chloromethyl)ether","542-88-1",0,0,0.00016,"Michigan"
"419","2,4-toluene diisocyanate","584-84-9",0,0.07,0.3,"Michigan"
"420","methyl n-butyl ketone","591-78-6",0,30,NA,"Michigan"
"421","vinyl bromide","593-60-2",0,30,NA,"Michigan"
"422","n-nitroso-di-n-propylamine","621-64-7",0,0,0.005,"Michigan"
"423","methyl isocyanate","624-83-9",0,0,NA,"Michigan"
"424","1,1,1,2-tetrachloroethane","630-20-6",0,0,1,"Michigan"
"425","1,1,1,2-tetrafluoroethane","811-97-2",0,80000,NA,"Michigan"
"426","hexamethylene diisocyanate","822-06-0",0,0.2,NA,"Michigan"
"427","1,3-propane sultone","1120-71-4",0,2,NA,"Michigan"
"428","cerium oxide","1306-38-3",0,0.9,NA,"Michigan"
"429","antimony trioxide","1309-64-4",0,0.2,NA,"Michigan"
"430","sodium hydroxide","1310-73-2",20,0,NA,"Michigan"
"431","vanadium pentoxide","1314-62-1",0.5,0,NA,"Michigan"
"432","cresol (mixed isomers)","1319-77-3",0,0,NA,"Michigan"
"433","mixed xylenes","1330-20-7",0,390,NA,"Michigan"
"434","polychlorinated biphenyls","1336-36-3",0,0,0.1,"Michigan"
"435","methyl t-butyl ether","1634-04-4",0,3000,NA,"Michigan"
"436","2,3,7,8-tetrachlorodibenzo(p)dioxin","1746-01-6",0,2e-06,2.3e-07,"Michigan"
"437","5-methylchrysene","3697-24-3",0,0,NA,"Michigan"
"438","manganese and manganese compounds","7439-96-5",0,0.3,NA,"Michigan"
"439","mercury and mercury compounds","7439-97-6",0,0.3,NA,"Michigan"
"440","nickel","7440-02-0",0,0,0.042,"Michigan"
"441","antimony","7440-36-0",0,0,NA,"Michigan"
"442","arsenic","7440-38-2",0,0,0.002,"Michigan"
"443","beryllium","7440-41-7",0,0,0.004,"Michigan"
"444","cadmium","7440-43-9",0,0,0.006,"Michigan"
"445","chromium","7440-47-3",0,0,NA,"Michigan"
"446","cobalt","7440-48-4",0,0,NA,"Michigan"
"447","copper","7440-50-8",0,0,NA,"Michigan"
"448","hydrogen chloride","7647-01-0",2100,20,NA,"Michigan"
"449","phosphoric acid","7664-38-2",0,0,NA,"Michigan"
"450","hydrogen fluoride","7664-39-3",240,14,NA,"Michigan"
"451","ammonia","7664-41-7",1200,100,NA,"Michigan"
"452","sulfuric acid","7664-93-9",120,1,NA,"Michigan"
"453","nitric acid","7697-37-2",0,0,NA,"Michigan"
"454","selenium and inorganic selenium compounds","7782-49-2",0,0,NA,"Michigan"
"455","chlorine","7782-50-5",0,0.3,NA,"Michigan"
"456","hydrogen sulfide","7783-06-4",0,2,NA,"Michigan"
"457","arsine","7784-42-1",0,0,NA,"Michigan"
"458","phosphine","7803-51-2",0,0.3,NA,"Michigan"
"459","toxaphene","8001-35-2",0,0,0.03,"Michigan"
"460","coke oven emissions","8007-45-2",0,0,0.01,"Michigan"
"461","oleum","8014-95-7",120,1,NA,"Michigan"
"462","polmeric methylene diphenyl diisocyanate","9016-87-9",0,0,NA,"Michigan"
"463","hydrazine sulfate","10034-93-2",0,0,0.008,"Michigan"
"464","chlorine dioxide","10049-04-4",0,0,NA,"Michigan"
"465","nickel subsulfide","12035-72-2",0,0,0.021,"Michigan"
"466","chlordane (technical)","12789-03-6",0,0,0.1,"Michigan"
"467","chromium, hexavalent - mist","18540-29-9",0,0.1,0.00083,"Michigan"
"468","chromium, hexavalent - particulate","18540-29-9",0,0.1,0.00083,"Michigan"
"469","toluene diisocyanate","26471-62-5",0,0.07,0.3,"Michigan"
"470","diesel fuel","MDPM25",0,70,NA,"Michigan"
"471","Diethylene glycol monobutyl ether","112-34-5",NA,20,NA,"EPA"
"472","Bis(2-ethylhexyl)phthalate","117-81-7",NA,10,4.16666666666667,"EPA"
"473","Hexachlorobenzene","118-74-1",NA,3,0.0217391304347826,"EPA"
"474","1,2,4-Trichlorobenzene","120-82-1",NA,200,NA,"EPA"
"475","2,4-Dinitrotoluene","121-14-2",NA,7,0.112359550561798,"EPA"
"476","Triethylamine","121-44-8",NA,7,NA,"EPA"
"477","1,2-Diphenylhydrazine","122-66-7",NA,0,0.0454545454545455,"EPA"
"478","Ethyl benzene","100-41-4",NA,1000,4,"EPA"
"479","Styrene","100-42-5",NA,1000,NA,"EPA"
"480","Benzyl chloride","100-44-7",NA,0,0.204081632653061,"EPA"
"481","4,4'-Methylene bis(2-chloroaniline)","101-14-4",NA,0,0.0232558139534884,"EPA"
"482","Methylene diphenyl diisocyanate","101-68-8",NA,0.6,NA,"EPA"
"483","4,4'-Methylenedianiline","101-77-9",NA,20,0.0217391304347826,"EPA"
"484","p-Xylene","106-42-3",NA,100,NA,"EPA"
"485","p-Cresol (4-methy phenol)","106-44-5",NA,600,NA,"EPA"
"486","p-Dichlorobenzene","106-46-7",NA,800,0.909090909090909,"EPA"
"487","1,2-Epoxybutane","106-88-7",NA,20,NA,"EPA"
"488","Epichlorohydrin","106-89-8",NA,1,8.33333333333333,"EPA"
"489","Ethylene dibromide","106-93-4",NA,9,0.0166666666666667,"EPA"
"490","1,3-Butadiene","106-99-0",NA,2,0.333333333333333,"EPA"
"491","Acrolein","107-02-8",NA,0.02,NA,"EPA"
"492","Allyl chloride","107-05-1",NA,1,1.66666666666667,"EPA"
"493","Ethylene dichloride","107-06-2",NA,2400,0.384615384615385,"EPA"
"494","Acrylonitrile","107-13-1",NA,2,0.147058823529412,"EPA"
"495","Ethylene glycol","107-21-1",NA,400,NA,"EPA"
"496","Vinyl acetate","108-05-4",NA,200,NA,"EPA"
"497","Methyl isobutyl ketone","108-10-1",NA,3000,NA,"EPA"
"498","Maleic anhydride","108-31-6",NA,0.7,NA,"EPA"
"499","m-Xylene","108-38-3",NA,100,NA,"EPA"
"500","m-Cresol (3-methylphenol)","108-39-4",NA,600,NA,"EPA"
"501","Toluene","108-88-3",NA,5000,NA,"EPA"
"502","Chlorobenzene","108-90-7",NA,1000,NA,"EPA"
"503","Phenol","108-95-2",NA,200,NA,"EPA"
"504","Ethylene glycol methyl ether","109-86-4",NA,20,NA,"EPA"
"505","Methyl Cellosolve Acrylate","110-49-6",NA,20,NA,"EPA"
"506","n-Hexane","110-54-3",NA,700,NA,"EPA"
"507","Ethylene glycol ethyl ether","110-80-5",NA,20,NA,"EPA"
"508","Ethylene glycol ethyl ether acetate","111-15-9",NA,20,NA,"EPA"
"509","Diethanolamine","111-42-2",NA,3,NA,"EPA"
"510","Dichloroethyl ether","111-44-4",NA,0,0.0303030303030303,"EPA"
"511","Diethylene glycol monoethyl ether","111-90-0",NA,20,NA,"EPA"
"512","1,3-Propane sultone","1120-71-4",NA,0,0.0144927536231884,"EPA"
"513","Propionaldehyde","123-38-6",NA,8,NA,"EPA"
"514","1,4-Dioxane","123-91-1",NA,30,2,"EPA"
"515","Chloroprene","126-99-8",NA,20,0.0208333333333333,"EPA"
"516","Tetrachloroethene","127-18-4",NA,40,38.4615384615385,"EPA"
"517","Phenanthrene","85-01-8",NA,0,NA,"EPA"
"518","Nickel oxide","1313-99-1",NA,0.09,0.0208333333333333,"EPA"
"519","Cresols (mixed)","1319-77-3",NA,600,NA,"EPA"
"520","m-Xylene","1330-20-7",NA,100,NA,"EPA"
"521","Polychlorinated biphenyls","1336-36-3",NA,0,0.1,"EPA"
"522","Ethyl acrylate","140-88-5",NA,0,NA,"EPA"
"523","Methyl tert-butyl ether","1634-04-4",NA,3000,38.4615384615385,"EPA"
"524","Chromium (VI) compounds","18540-29-9",NA,0.1,0.000833333333333333,"EPA"
"525","Chrysene","218-01-9",NA,0,0.568181818181818,"EPA"
"526","PAH, total","130498-29-2",NA,0,0.113636363636364,"EPA"
"527","Benzo(ghi)perylene","191-24-2",NA,0,0.113636363636364,"EPA"
"528","Fluoranthene","206-44-0",NA,0,0.113636363636364,"EPA"
"529","Coal tar","8007-45-2",NA,0,0.113636363636364,"EPA"
"530","Indeno[1,2,3-c,d]pyrene","193-39-5",NA,0,0.0568181818181818,"EPA"
"531","Hydrazine","302-01-2",NA,0.2,0.00204081632653061,"EPA"
"532","Benzo[j]fluoranthene","205-82-3",NA,0,0.0568181818181818,"EPA"
"533","Benzo[b]fluoranthene","205-99-2",NA,0,0.0568181818181818,"EPA"
"534","Carbonyl sulfide","463-58-1",NA,163,NA,"EPA"
"535","Formaldehyde","50-00-0",NA,9.8,0.769230769230769,"EPA"
"536","Benzo[k]fluoranthene","207-08-9",NA,0,0.0568181818181818,"EPA"
"537","Ethyl carbamate","51-79-6",NA,0,0.021551724137931,"EPA"
"538","2-Chloroacetophenone","532-27-4",NA,0.03,NA,"EPA"
"539","Dibenz[a,j]acridine","224-42-0",NA,0,0.0568181818181818,"EPA"
"540","1,3-Dichloropropene","542-75-6",NA,20,2.5,"EPA"
"541","Bis(chloromethyl)ether","542-88-1",NA,0,0.000161290322580645,"EPA"
"542","Dibenz[a,h]acridine","226-36-8",NA,0,0.0568181818181818,"EPA"
"543","Carbon tetrachloride","56-23-5",NA,100,1.66666666666667,"EPA"
"544","1-Nitropyrene","5522-43-0",NA,0,0.0568181818181818,"EPA"
"545","Benz[a]anthracene","56-55-3",NA,0,0.0568181818181818,"EPA"
"546","Cyanide compounds","57-12-5",NA,0.8,NA,"EPA"
"547","Methyl hydrazine","57-14-7",NA,0,NA,"EPA"
"548","Dibenzo[a,e]pyrene","192-65-4",NA,0,0.00568181818181818,"EPA"
"549","2,4-Toluene diisocyanate","584-84-9",NA,0.07,0.909090909090909,"EPA"
"550","beta-Hexachlorocyclohexane (b-HCH)","58-89-9",NA,2,0.0188679245283019,"EPA"
"551","Vinyl bromide","593-60-2",NA,3,0.3125,"EPA"
"552","N-Nitrosomorpholine","59-89-2",NA,0,0.00526315789473684,"EPA"
"553","p-Dimethylaminoazobenzene","60-11-7",NA,0,0.00769230769230769,"EPA"
"554","1,1-Dimethylhydrazine","60-34-4",NA,0,NA,"EPA"
"555","Acetamide","60-35-5",NA,0,0.5,"EPA"
"556","Methyl isocyanate","624-83-9",NA,1,NA,"EPA"
"557","Aniline","62-53-3",NA,1,6.25,"EPA"
"558","Dichlorvos","62-73-7",NA,0.5,NA,"EPA"
"559","Nitrosodimethylamine","62-75-9",NA,0,0.000454545454545455,"EPA"
"560","7H-Dibenzo[c,g]carbazole","194-59-2",NA,0,0.00568181818181818,"EPA"
"561","Methanol","67-56-1",NA,20000,NA,"EPA"
"562","Chloroform","67-66-3",NA,98,NA,"EPA"
"563","Hexachloroethane","67-72-1",NA,30,NA,"EPA"
"564","Dimethyl formamide","68-12-2",NA,30,NA,"EPA"
"565","Benzene","71-43-2",NA,30,1.28205128205128,"EPA"
"566","1,1,1-Trichloroethane","71-55-6",NA,5000,NA,"EPA"
"567","Manganese compounds","7439-96-5",NA,0.3,NA,"EPA"
"568","Mercury compounds","7439-97-6",NA,0.3,NA,"EPA"
"569","Nickel compounds","7440-02-0",NA,0.09,0.0208333333333333,"EPA"
"570","Antimony compounds","7440-36-0",NA,0.2,NA,"EPA"
"571","Arsenic Compounds","7440-38-2",NA,0.015,0.00232558139534884,"EPA"
"572","Beryllium Compounds","7440-41-7",NA,0.02,0.00416666666666667,"EPA"
"573","Cadmium compounds","7440-43-9",NA,0.01,0.00555555555555556,"EPA"
"574","Cobalt compounds","7440-48-4",NA,0.1,NA,"EPA"
"575","Methyl bromide","74-83-9",NA,5,NA,"EPA"
"576","Methyl chloride","74-87-3",NA,90,NA,"EPA"
"577","Hydrogen cyanide","74-90-8",NA,0.8,NA,"EPA"
"578","Ethyl chloride","75-00-3",NA,10000,NA,"EPA"
"579","Vinyl chloride","75-01-4",NA,100,1.13636363636364,"EPA"
"580","Acetonitrile","75-05-8",NA,60,NA,"EPA"
"581","Acetaldehyde","75-07-0",NA,9,4.54545454545455,"EPA"
"582","Methylene chloride","75-09-2",NA,600,625,"EPA"
"583","Carbon disulfide","75-15-0",NA,700,NA,"EPA"
"584","Ethylene oxide","75-21-8",NA,30,0.113636363636364,"EPA"
"585","Bromoform","75-25-2",NA,0,9.09090909090909,"EPA"
"586","Ethylidene dichloride","75-34-3",NA,500,6.25,"EPA"
"587","Vinylidene chloride","75-35-4",NA,200,NA,"EPA"
"588","Phosgene","75-44-5",NA,0.3,NA,"EPA"
"589","Propylene oxide","75-56-9",NA,30,2.7027027027027,"EPA"
"590","Heptachlor","76-44-8",NA,0,0.00769230769230769,"EPA"
"591","Hydrochloric acid","7647-01-0",NA,20,NA,"EPA"
"592","Hydrofluoric acid","7664-39-3",NA,14,NA,"EPA"
"593","Hexachlorocyclopentadiene","77-47-4",NA,0.2,NA,"EPA"
"594","Selenium Compounds","7782-49-2",NA,20,NA,"EPA"
"595","Chlorine","7782-50-5",NA,0.15,NA,"EPA"
"596","Phosphine","7803-51-2",NA,0.3,NA,"EPA"
"597","Isophorone","78-59-1",NA,2000,NA,"EPA"
"598","Propylene dichloride","78-87-5",NA,4,NA,"EPA"
"599","1,1,2-Trichloroethane","79-00-5",NA,400,0.625,"EPA"
"600","Trichloroethylene","79-01-6",NA,2,2.08333333333333,"EPA"
"601","Acrylamide","79-06-1",NA,6,0.0625,"EPA"
"602","Acrylic acid","79-10-7",NA,1,NA,"EPA"
"603","1,1,2,2-Tetrachloroethane","79-34-5",NA,0,NA,"EPA"
"604","2-Nitropropane","79-46-9",NA,20,1.78571428571429,"EPA"
"605","Toxaphene","8001-35-2",NA,0,0.03125,"EPA"
"606","5-Methylchrysene","3697-24-3",NA,0,0.00568181818181818,"EPA"
"607","Methyl methacrylate","80-62-6",NA,700,NA,"EPA"
"608","Hexamethylene-1,6-diisocyanate","822-06-0",NA,0.01,NA,"EPA"
"609","Benzo[a]pyrene","50-32-8",NA,0,0.00568181818181818,"EPA"
"610","Dibenzo[a,h]anthracene","53-70-3",NA,0,0.00520833333333333,"EPA"
"611","Phthalic anhydride","85-44-9",NA,20,NA,"EPA"
"612","3-Methylcholanthrene","56-49-5",NA,0,0.000992063492063492,"EPA"
"613","Dibenzo[a,i]pyrene","189-55-9",NA,0,0.000568181818181818,"EPA"
"614","Hexachlorobutadiene","87-68-3",NA,90,0.454545454545455,"EPA"
"615","Pentachlorophenol","87-86-5",NA,100,1.96078431372549,"EPA"
"616","2,4,6-Trichlorophenol","88-06-2",NA,0,3.2258064516129,"EPA"
"617","Dibenzo[a,h]pyrene","189-64-0",NA,0,0.000568181818181818,"EPA"
"618","Naphthalene","91-20-3",NA,3,0.294117647058824,"EPA"
"619","Dibenzo[a,l]pyrene","191-30-0",NA,0,0.000568181818181818,"EPA"
"620","7,12-Dimethylbenz[a]anthracene","57-97-6",NA,0,8.80281690140845e-05,"EPA"
"621","3,3'-Dichlorobenzidine","91-94-1",NA,0,0.0294117647058824,"EPA"
"622","Biphenyl","92-52-4",NA,0,NA,"EPA"
"623","Benzidine","92-87-5",NA,10,9.32835820895522e-05,"EPA"
"624","o-Xylene","95-47-6",NA,100,NA,"EPA"
"625","o-Cresol","95-48-7",NA,600,NA,"EPA"
"626","2,4-Toluene diamine","95-80-7",NA,0,0.00909090909090909,"EPA"
"627","1,2-Dibromo-3-chloropropane","96-12-8",NA,0.2,0.005,"EPA"
"628","Ethylene thiourea","96-45-7",NA,3,0.769230769230769,"EPA"
"629","Cumene","98-82-8",NA,400,NA,"EPA"
"630","Nitrobenzene","98-95-3",NA,9,0.25,"EPA"
"631","Lead compounds","7439-92-1",NA,0.15,NA,"EPA"
"632","Diesel engine emissions","MDPM25",NA,5,NA,"EPA"
"633","1,1,1,2-tetrachloroethane","630-20-6",NA,NA,7.14285714285714e-05,"Indiana"
"634","1,1,1,2-Tetrafluoroethane","811-97-2",NA,80000,NA,"Indiana"
"635","1,1,2,2-tetrachloroethane","79-34-5",NA,NA,0.000588235294117647,"Indiana"
"636","1,1,2-Trichloroethane","79-00-5",NA,400,0.000158730158730159,"Indiana"
"637","1,1-Dichloroethylene","75-35-4",NA,200,0.00344827586206897,"Indiana"
"638","1,1-Difluoroethane","75-37-6",NA,40000,NA,"Indiana"
"639","1,1-Dimethyl hydrazine","57-14-7",NA,NA,0.00131578947368421,"Indiana"
"640","1,2,4-Trichlorobenzene","120-82-1",NA,200,1e-05,"Indiana"
"641","1,2,4-Trimethylbenzene","95-63-6",NA,6,NA,"Indiana"
"642","1,2-Dibromo-3-chloropropane","96-12-8",NA,0.2,0.02,"Indiana"
"643","1,2-Diphenylhydrazine","122-66-7",NA,NA,0.00222222222222222,"Indiana"
"644","1,2-Epoxybutane","106-88-7",NA,20,NA,"Indiana"
"645","1,2-trans-dichloroethylene","156-60-5",NA,800,NA,"Indiana"
"646","1,3-Butadiene","106-99-0",NA,2,0.000303030303030303,"Indiana"
"647","1,3-Dichloropropene","542-75-6",NA,20,4e-05,"Indiana"
"648","1,3-Propane sultone","1120-71-4",NA,NA,0.00714285714285714,"Indiana"
"649","1,4-Dichlorobenzene","106-46-7",NA,800,0.00010989010989011,"Indiana"
"650","1,4-Dioxane","123-91-1",NA,30,5e-05,"Indiana"
"651","1-Chloro-1,1-difluoroethane","75-68-3",NA,5000,NA,"Indiana"
"652","2,3,7,8-Tetrachlorodibenzo-p-dioxin","1746-01-6",NA,0,333.333333333333,"Indiana"
"653","2,4,6-Trichlorophenol","88-06-2",NA,0.35,3.125e-05,"Indiana"
"654","2,4-Dinitrotoluene","121-14-2",NA,7,0.000909090909090909,"Indiana"
"655","2,4-Toluene diamine","95-80-7",NA,NA,0.010989010989011,"Indiana"
"656","2,4-Toluene diisocyanate","584-84-9",NA,0.07,0.00010989010989011,"Indiana"
"657","2-Aminoanthraquinone","117-79-3",NA,NA,9.09090909090909e-05,"Indiana"
"658","2-chloroacetophenone","532-27-4",NA,0.03,NA,"Indiana"
"659","2-Ethoxyethanol","110-80-5",NA,200,NA,"Indiana"
"660","2-Methoxyethanol","109-86-4",NA,20,NA,"Indiana"
"661","2-Methylphenol","95-48-7",NA,175,NA,"Indiana"
"662","2-Nitroaniline","88-74-4",NA,2,NA,"Indiana"
"663","2-Nitropropane","79-46-9",NA,20,5.55555555555556e-05,"Indiana"
"664","3,3'-Dichlorobenzidine","91-94-1",NA,NA,0.00344827586206897,"Indiana"
"665","3-Methylcholanthrene","56-49-5",NA,NA,0.0625,"Indiana"
"666","4,4-Methylendianiline","101-77-9",NA,20,0.00454545454545455,"Indiana"
"667","4,4-Methylene bis(2-chloroaniline)","101-14-4",NA,NA,0.00434782608695652,"Indiana"
"668","4-methylphenol","106-44-5",NA,4,NA,"Indiana"
"669","7,12-Dimethylbenz[a]anthracene","57-97-6",NA,NA,0.714285714285714,"Indiana"
"670","Acetaldehyde","75-07-0",NA,9,2.22222222222222e-05,"Indiana"
"671","Acetamide","60-35-5",NA,NA,2e-04,"Indiana"
"672","Acetonitrile","75-05-8",NA,60,NA,"Indiana"
"673","Acrolein","107-02-8",NA,0.02,NA,"Indiana"
"674","Acrylamide","79-06-1",NA,6,0.001,"Indiana"
"675","Acrylic Acid","79-10-7",NA,1,NA,"Indiana"
"676","Acrylonitrile","107-13-1",NA,2,0.000666666666666667,"Indiana"
"677","Aldrin","309-00-2",NA,NA,0.05,"Indiana"
"678","Allyl Chloride","107-05-1",NA,1,5.88235294117647e-05,"Indiana"
"679","alpha-Hexachlorocyclohexane","319-84-6",NA,20,0.0178571428571429,"Indiana"
"680","Ammonia","7664-41-7",NA,100,NA,"Indiana"
"681","Aniline","62-53-3",NA,1,1.58730158730159e-05,"Indiana"
"682","Antimony Compounds","7440-36-0",NA,0.2,NA,"Indiana"
"683","Antimony Trioxide","1309-64-4",NA,0.2,NA,"Indiana"
"684","Aramite","140-57-8",NA,NA,7.14285714285714e-05,"Indiana"
"685","Arsine","7784-42-1",NA,0.05,NA,"Indiana"
"686","Azobenzene","103-33-3",NA,NA,0.0003125,"Indiana"
"687","Benzene","71-43-2",NA,30,7.69230769230769e-05,"Indiana"
"688","Benzidine","92-87-5",NA,10,0.666666666666667,"Indiana"
"689","Benzo[a]anthracene","56-55-3",NA,NA,0.0010989010989011,"Indiana"
"690","Benzo[a]pyrene","50-32-8",NA,NA,0.010989010989011,"Indiana"
"691","Benzo[b]fluoranthene","205-99-2",NA,NA,0.0010989010989011,"Indiana"
"692","Benzo[g,h,i]perylene","191-24-2",NA,NA,0.0909090909090909,"Indiana"
"693","Benzo[k]fluoranthene","207-08-9",NA,NA,0.0010989010989011,"Indiana"
"694","Benzyl Chloride","100-44-7",NA,10.15,0.000476190476190476,"Indiana"
"695","beta-Hexachlorocyclohexane","319-85-7",NA,2,0.00526315789473684,"Indiana"
"696","Biphenyl","92-52-4",NA,0.42,NA,"Indiana"
"697","bis(2-Chloroethyl)ether","111-44-4",NA,NA,0.00333333333333333,"Indiana"
"698","bis(2-Ethylhexyl)phthalate","117-81-7",NA,10,2.38095238095238e-05,"Indiana"
"699","bis(chloromethyl)ether","542-88-1",NA,NA,0.625,"Indiana"
"700","Bromoform","75-25-2",NA,NA,1.0989010989011e-05,"Indiana"
"701","Bromomethane","74-83-9",NA,5,NA,"Indiana"
"702","Cadmium compounds","7440-43-9",NA,0.02,0.0178571428571429,"Indiana"
"703","Caprolactum","105-60-2",NA,2.3,NA,"Indiana"
"704","Carbon disulfide","75-15-0",NA,700,NA,"Indiana"
"705","Carbon tetrachloride","56-23-5",NA,100,5.88235294117647e-05,"Indiana"
"706","Carbonyl Sulfide","463-58-1",NA,12,NA,"Indiana"
"707","Chlordane","12789-03-6",NA,0.7,0.001,"Indiana"
"708","Chlorine","7782-50-5",NA,0.15,NA,"Indiana"
"709","Chlorine Dioxide","10049-04-4",NA,0.2,NA,"Indiana"
"710","Chlorobenzene","108-90-7",NA,1000,NA,"Indiana"
"711","Chlorodifluoromethane","75-45-6",NA,5000,NA,"Indiana"
"712","Chloroform","67-66-3",NA,98,0.000232558139534884,"Indiana"
"713","Chloromethane","74-87-3",NA,90,1.78571428571429e-05,"Indiana"
"714","Chloroprene","126-99-8",NA,20,0.00303030303030303,"Indiana"
"715","Chromium (VI) compounds","18540-29-9",NA,0.1,0.120481927710843,"Indiana"
"716","Chrysene","218-01-9",NA,NA,0.00010989010989011,"Indiana"
"717","Cobalt","7440-48-4",NA,0.1,NA,"Indiana"
"718","Coke oven emissions","8007-45-2",NA,NA,0.00625,"Indiana"
"719","Creosols/Cresylic Acid","1319-77-3",NA,600,NA,"Indiana"
"720","Cumene","98-82-8",NA,400,NA,"Indiana"
"721","Cyanide Compounds","57-12-5",NA,3,NA,"Indiana"
"722","Cyclohexane","110-82-7",NA,6000,NA,"Indiana"
"723","Dibenz[a,h]anthracene","53-70-3",NA,NA,0.0120481927710843,"Indiana"
"724","Dichlorobenzene","25321-22-6",NA,200,6.66666666666667e-05,"Indiana"
"725","Dichlorvos","62-73-7",NA,0.5,0.000833333333333333,"Indiana"
"726","Dieldrin","60-57-1",NA,NA,0.0454545454545455,"Indiana"
"727","Diesel emissions","MDPM25",NA,5,NA,"Indiana"
"728","Diethanolamine","111-42-2",NA,3,NA,"Indiana"
"729","Dimethyl formamide","68-12-2",NA,30,NA,"Indiana"
"730","Epichlorohydrin","106-89-8",NA,1,1.20481927710843e-05,"Indiana"
"731","Ethyl acrylate","140-88-5",NA,48,0.000140845070422535,"Indiana"
"732","Ethyl Carbamate","51-79-6",NA,NA,0.00294117647058824,"Indiana"
"733","Chloroethane","75-00-3",NA,10000,1.33333333333333e-06,"Indiana"
"734","Ethylbenzene","100-41-4",NA,1000,2.5e-05,"Indiana"
"735","Ethylene dibromide","106-93-4",NA,9,0.00588235294117647,"Indiana"
"736","Ethylene dichloride","107-06-2",NA,2400,0.000263157894736842,"Indiana"
"737","Ethylene glycol","107-21-1",NA,400,NA,"Indiana"
"738","Ethylene glycol monobutyl ether","111-76-2",NA,1300,NA,"Indiana"
"739","Ethylene oxide","75-21-8",NA,30,0.000909090909090909,"Indiana"
"740","Ethylene thiourea","96-45-7",NA,3,0.00012987012987013,"Indiana"
"741","Ethylidene dichloride","75-34-3",NA,500,1.58730158730159e-05,"Indiana"
"742","Fluoranthene","206-44-0",NA,140,NA,"Indiana"
"743","Formaldehyde","50-00-0",NA,9.8,0.00012987012987013,"Indiana"
"744","Freon 11","75-69-4",NA,700,NA,"Indiana"
"745","Freon 12","75-71-8",NA,200,NA,"Indiana"
"746","Heptachlor","76-44-8",NA,NA,0.012987012987013,"Indiana"
"747","Heptachlor epoxide","1024-57-3",NA,NA,0.0263157894736842,"Indiana"
"748","Hexachlorobenzene","118-74-1",NA,3,0.00454545454545455,"Indiana"
"749","Hexachlorobutadiene","87-68-3",NA,90,0.000222222222222222,"Indiana"
"750","Hexachlorocyclopentadiene","77-47-4",NA,0.2,NA,"Indiana"
"751","Hexachlorodibenzo-p-dioxon","57653-85-7",NA,NA,12.987012987013,"Indiana"
"752","Hexachloroethane","67-72-1",NA,30,4e-05,"Indiana"
"753","Hexamethylene-1,6-diisocyanate","822-06-0",NA,0.01,NA,"Indiana"
"754","Hydrazine","302-01-2",NA,0.2,0.05,"Indiana"
"755","Hydrochloric Acid","7647-01-0",NA,20,NA,"Indiana"
"756","Hydrofluoric acid","7664-39-3",NA,14,NA,"Indiana"
"757","Hydrogen Cyanide","74-90-8",NA,0.8,NA,"Indiana"
"758","Indeno[1,2,3-cd]pyrene","193-39-5",NA,NA,0.0010989010989011,"Indiana"
"759","Isophorone","78-59-1",NA,2000,2.7027027027027e-06,"Indiana"
"760","Isopropanol","67-63-0",NA,7000,NA,"Indiana"
"761","Lindane","58-89-9",NA,0.3,0.003125,"Indiana"
"762","Maleic anhydride","108-31-6",NA,0.7,NA,"Indiana"
"763","Mercury, elemental","7439-97-6",NA,0.3,NA,"Indiana"
"764","Methanol","67-56-1",NA,20000,NA,"Indiana"
"765","Methyl chloroform","71-55-6",NA,5000,NA,"Indiana"
"766","Methyl ethyl ketone (MEK)","78-93-3",NA,5000,NA,"Indiana"
"767","Methyl hydrazine","60-34-4",NA,NA,0.00222222222222222,"Indiana"
"768","Methyl isobutyl ketone","108-10-1",NA,3000,NA,"Indiana"
"769","Methyl Isocyanate","624-83-9",NA,1,NA,"Indiana"
"770","Methyl methacrylate","80-62-6",NA,700,NA,"Indiana"
"771","Methyl tert butyl ether","1634-04-4",NA,3000,2.63157894736842e-06,"Indiana"
"772","Methylene chloride","75-09-2",NA,600,1e-07,"Indiana"
"773","Methylene diphenyl diisocyanate","101-68-8",NA,0.6,NA,"Indiana"
"774","M-Xylene","108-38-3",NA,200,NA,"Indiana"
"775","Naphthalene","91-20-3",NA,3,0.000344827586206897,"Indiana"
"776","n-Hexane","110-54-3",NA,700,NA,"Indiana"
"777","Nickel subsulfide","12035-72-2",NA,NA,0.00476190476190476,"Indiana"
"778","Nitrobenzene","98-95-3",NA,9,4e-04,"Indiana"
"779","N-Nitrosodiethylamine","55-18-5",NA,NA,0.434782608695652,"Indiana"
"780","N-Nitrosodimethylamine","62-75-9",NA,NA,0.140845070422535,"Indiana"
"781","N-Nitroso-di-N-butylamide","924-16-3",NA,NA,0.0158730158730159,"Indiana"
"782","N-Nitroso-methylethylamine","10595-95-6",NA,NA,0.0625,"Indiana"
"783","N-Nitrosomorpholine","59-89-2",NA,NA,0.0188679245283019,"Indiana"
"784","N-Nitrosopyrrolidine","930-55-2",NA,NA,0.00625,"Indiana"
"785","o-Xylene","95-47-6",NA,200,NA,"Indiana"
"786","p,p-Dichlorodiphenyltrichloroethane","50-29-3",NA,NA,0.001,"Indiana"
"787","Pentachlorophenol","87-86-5",NA,100,5e-05,"Indiana"
"788","Perchloroethylene","127-18-4",NA,40,2.63157894736842e-06,"Indiana"
"789","Phenanthrene","85-01-8",NA,10.5,NA,"Indiana"
"790","Phenol","108-95-2",NA,200,NA,"Indiana"
"791","Phosgene","75-44-5",NA,0.3,NA,"Indiana"
"792","Phosphine","7803-51-2",NA,0.3,NA,"Indiana"
"793","Phosphoric Acid","7664-38-2",NA,10,NA,"Indiana"
"794","Phthalic anhydride","85-44-9",NA,20,NA,"Indiana"
"795","Polychlorinated biphenyl compounds (PCBs)","1336-36-3",NA,0.07,0.001,"Indiana"
"796","Propionaldehyde","123-38-6",NA,8,NA,"Indiana"
"797","Propylene","115-07-1",NA,3000,NA,"Indiana"
"798","Propylene dichloride","78-87-5",NA,4,0.000188679245283019,"Indiana"
"799","Propylene glycol monmethyl ether","107-98-2",NA,2000,NA,"Indiana"
"800","Propylene oxide","75-56-9",NA,30,3.7037037037037e-05,"Indiana"
"801","P-Xylene","106-42-3",NA,200,NA,"Indiana"
"802","Styrene","100-42-5",NA,1000,NA,"Indiana"
"803","technical-Hexachlorocyclohexane","608-73-1",NA,NA,0.005,"Indiana"
"804","Toluene","108-88-3",NA,5000,NA,"Indiana"
"805","Toxaphene","8001-35-2",NA,NA,0.0032258064516129,"Indiana"
"806","Trichloroethylene","79-01-6",NA,2,4.16666666666667e-05,"Indiana"
"807","Triethylamine","121-44-8",NA,7,NA,"Indiana"
"808","Vinyl Acetate","108-05-4",NA,200,NA,"Indiana"
"809","Vinyl bromide","593-60-2",NA,3,0.00032258064516129,"Indiana"
"810","Vinyl chloride","75-01-4",NA,100,9.09090909090909e-05,"Indiana"
"811","Xylenes","1330-20-7",NA,100,NA,"Indiana"
"812","11H-Benz[b,c]aceanthrylene","202-94-8",NA,NA,0.11,"Minnesota"
"813","4H-Cyclopenta[d,e,f]chrysene","202-98-2",NA,NA,0.018,"Minnesota"
"814","Acetaldehyde","75-07-0",470,9,5,"Minnesota"
"815","Acetamide","60-35-5",NA,NA,0.5,"Minnesota"
"816","Acetic Acid","64-19-7",700,60,NA,"Minnesota"
"817","Acetone Cyanohydrin","75-86-5",NA,NA,NA,"Minnesota"
"818","Acetonitrile","75-05-8",NA,60,NA,"Minnesota"
"819","Acrolein","107-02-8",5,0.4,NA,"Minnesota"
"820","Acrylamide","79-06-1",NA,6,0.1,"Minnesota"
"821","Acrylic acid","79-10-7",6000,1,NA,"Minnesota"
"822","Acrylonitrile","107-13-1",NA,2,0.1,"Minnesota"
"823","Adiponitrile","111-69-3",NA,6,NA,"Minnesota"
"824","Aldehydes","00-07-9",94,0.08,2,"Minnesota"
"825","Aldrin","309-00-2",NA,NA,0.002,"Minnesota"
"826","Aliphatic Hydrocarbon Streams (Midrange)","VARIOUS",NA,100,NA,"Minnesota"
"827","Allyl chloride","107-05-1",NA,1,1.7,"Minnesota"
"828","Aluminum","7429-90-5",NA,5,NA,"Minnesota"
"829","Aminoanthraquinone, 2-","117-79-3",NA,NA,1.1,"Minnesota"
"830","Ammonia","7664-41-7",3200,80,NA,"Minnesota"
"831","Amyl Alcohol, tert-","75-85-4",NA,NA,NA,"Minnesota"
"832","Aniline","62-53-3",NA,1,6.3,"Minnesota"
"833","Anthanthrene","191-26-4",NA,NA,0.014,"Minnesota"
"834","Antimony","7440-36-0",NA,0.2,NA,"Minnesota"
"835","Antimony Compounds","0-00-1",NA,0.2,NA,"Minnesota"
"836","Antimony trioxide","1309-64-4",NA,0.2,NA,"Minnesota"
"837","Aramite","140-57-8",NA,NA,1.4,"Minnesota"
"838","Arsenic","7440-38-2",0.2,0.015,0.002,"Minnesota"
"839","Arsenic Compounds","0-00-2",0.2,0.015,0.002,"Minnesota"
"840","Arsenic Trioxide","1327-53-3",0.2,0.015,0.002,"Minnesota"
"841","Arsine","7784-42-1",200,0.05,0.002,"Minnesota"
"842","Azodicarbonamide","123-77-3",NA,0.007,NA,"Minnesota"
"843","Benz[e]aceanthrylene","199-54-2",NA,NA,0.0071,"Minnesota"
"844","Benz[j]aceanthryIene","202-33-5",NA,NA,9.1e-05,"Minnesota"
"845","Benz[l]aceanthryIene","211-91-6",NA,NA,0.0011,"Minnesota"
"846","Benzaldehyde","100-52-7",240,20,NA,"Minnesota"
"847","Benzene","71-43-2",1000,30,1.3,"Minnesota"
"848","Benzidine","92-87-5",NA,NA,2e-04,"Minnesota"
"849","Benzo(j)fluoranthene","205-82-3",NA,NA,0.019,"Minnesota"
"850","Benzo(k)fluoranthene","207-08-9",NA,NA,0.19,"Minnesota"
"851","Benzo[a]anthracene","56-55-3",NA,NA,0.028,"Minnesota"
"852","Benzo[a]pyrene","50-32-8",NA,NA,0.0056,"Minnesota"
"853","Benzo[b]fluoranthene","205-99-2",NA,NA,0.0071,"Minnesota"
"854","Benzo[c]fluorene","205-12-9",NA,NA,0.00028,"Minnesota"
"855","Benzo[g,h,i]perylene","191-24-2",NA,NA,0.63,"Minnesota"
"856","Benzyl chloride","100-44-7",240,1,0.2,"Minnesota"
"857","Beryllium","7440-41-7",NA,0.02,0.004,"Minnesota"
"858","Beryllium Compounds","0-00-3",NA,0.02,0.004,"Minnesota"
"859","Biphenyl, 1,1-","92-52-4",NA,NA,NA,"Minnesota"
"860","Bis(2-ethylhexyl)phthalate (DEHP)","117-81-7",NA,NA,4.2,"Minnesota"
"861","Bis(chloromethyl)ether","542-88-1",NA,NA,2e-04,"Minnesota"
"862","Boron Trichloride","10294-34-5",NA,20,NA,"Minnesota"
"863","Bromobenzene","108-86-1",NA,60,NA,"Minnesota"
"864","Bromochloromethane","74-97-5",NA,NA,NA,"Minnesota"
"865","Bromoform","75-25-2",NA,NA,9.1,"Minnesota"
"866","Bromopropane, 1-","106-94-5",50000,20,NA,"Minnesota"
"867","Butadiene, 1,3-","106-99-0",660,2,0.2,"Minnesota"
"868","Butanol","71-36-3",4300,360,NA,"Minnesota"
"869","Butyl alcohol, sec-","78-92-2",NA,30000,NA,"Minnesota"
"870","Butyl Cellosolve (ethylene glycol monobutyl ether)","111-76-2",14000,13000,NA,"Minnesota"
"871","Butyraldehyde","123-72-8",2100,70,NA,"Minnesota"
"872","Cadmium","7440-43-9",NA,0.02,0.006,"Minnesota"
"873","Cadmium Compounds","0-00-4",NA,0.02,0.006,"Minnesota"
"874","Caprolactum","105-60-2",50,2.2,NA,"Minnesota"
"875","Carbon disulfide","75-15-0",6000,700,NA,"Minnesota"
"876","Carbon Monoxide","630-08-0",23000,NA,NA,"Minnesota"
"877","Carbon tetrachloride","56-23-5",1900,100,1.7,"Minnesota"
"878","Carbonyl sulfide","463-58-1",NA,NA,NA,"Minnesota"
"879","Cellosolve Acetate (ethylene glycol monoethyl ether acetate)","111-15-9",100,300,NA,"Minnesota"
"880","Cerium Oxide and Cerium Compounds","1306-38-3",NA,0.9,NA,"Minnesota"
"881","Chlordane or (57-74-9)","12789-03-6",NA,0.7,0.1,"Minnesota"
"882","Chlorinated Paraffins (C12, 60% Chlorine)","108171-26-2",NA,NA,0.4,"Minnesota"
"883","Chlorine","7782-50-5",290,0.2,NA,"Minnesota"
"884","Chlorine Oxide (CLO2)","10049-04-4",NA,0.2,NA,"Minnesota"
"885","Chloro-1,1-difluoroethane, 1- (HCFC-142b)","75-68-3",NA,50000,NA,"Minnesota"
"886","Chloro-o-phenylenediamine, 4-","95-83-0",NA,NA,2.2,"Minnesota"
"887","Chloro-o-toluidine, p-","95-69-2",NA,NA,0.13,"Minnesota"
"888","Chloroacetophenone, 2-","532-27-4",NA,0.03,NA,"Minnesota"
"889","Chlorobenzene","108-90-7",NA,1000,NA,"Minnesota"
"890","Chlorobenzotrifluoride, 4-","98-56-6",NA,300,NA,"Minnesota"
"891","Chlorodifluoromethane (HCFC-22)","75-45-6",NA,50000,NA,"Minnesota"
"892","Chloroform","67-66-3",150,300,0.43,"Minnesota"
"893","Chloronitrobenzene, o-","88-73-3",NA,NA,NA,"Minnesota"
"894","Chloronitrobenzene, p-","100-00-5",NA,0.6,NA,"Minnesota"
"895","Chloropicrin","76-06-2",29,0.4,NA,"Minnesota"
"896","Chloroprene","126-99-8",NA,20,0.033,"Minnesota"
"897","Chromic acid mists and dissolved Cr(VI) aerosols","18540-29-9-aer",NA,0.008,8e-04,"Minnesota"
"898","Chromium","7440-47-3",NA,0.008,8e-04,"Minnesota"
"899","Chromium (Hexavalent) (particulate)","18540-29-9",NA,0.1,8e-04,"Minnesota"
"900","Chromium Compounds","0-00-5",NA,0.008,8e-04,"Minnesota"
"901","Chrysene (Benzo(a)phenanthrene)","218-01-9",NA,NA,0.056,"Minnesota"
"902","Coal Tar","8007-45-2",NA,NA,0.02,"Minnesota"
"903","Cobalt","7440-48-4",NA,0.006,0.0011,"Minnesota"
"904","Coke Oven Emissions","0-00-7",NA,NA,0.02,"Minnesota"
"905","Copper","7440-50-8",100,NA,NA,"Minnesota"
"906","Copper Compounds","00-03-1",100,NA,NA,"Minnesota"
"907","Cresidine, p-","120-71-8",NA,NA,0.23,"Minnesota"
"908","Cresol, m-","108-39-4",NA,600,NA,"Minnesota"
"909","Cresol, o-","95-48-7",NA,600,NA,"Minnesota"
"910","Cresol, p-","106-44-5",NA,600,NA,"Minnesota"
"911","Cresols/Cresylic acid (isomers and mixture)","1319-77-3",NA,600,NA,"Minnesota"
"912","Cumene","98-82-8",NA,400,NA,"Minnesota"
"913","Cupferron","135-20-6",NA,NA,0.16,"Minnesota"
"914","Cyanide (Cyanide ion, Inorganic cyanides, Isocyanide)","57-12-5",700,3,NA,"Minnesota"
"915","Cyanide Compounds","0-00-8",700,3,NA,"Minnesota"
"916","Cyclohexane","110-82-7",NA,6000,NA,"Minnesota"
"917","Cyclohexanone","109-94-1",NA,700,NA,"Minnesota"
"918","Cyclopenta[c,d]pyrene","27208-37-3",NA,NA,0.014,"Minnesota"
"919","DDT","50-29-3",NA,NA,0.1,"Minnesota"
"920","Diaminoanisole, 2,4-","615-05-4",NA,NA,1.5,"Minnesota"
"921","Diazene, Diphenyl","103-33-3",NA,NA,0.32,"Minnesota"
"922","Dibenz(a,h)acridine","226-36-8",NA,NA,0.056,"Minnesota"
"923","Dibenz(a,j)acridine","224-42-0",NA,NA,0.056,"Minnesota"
"924","Dibenz[a,h]anthracene","53-70-3",NA,NA,0.00056,"Minnesota"
"925","Dibenzo(a,e)pyrene","192-65-4",NA,NA,0.014,"Minnesota"
"926","Dibenzo(a,h)pyrene","189-64-0",NA,NA,0.0062,"Minnesota"
"927","Dibenzo(a,l)pyrene","191-30-0",NA,NA,0.00019,"Minnesota"
"928","Dibenzo(c,g)carbazole, 7H-","194-59-2",NA,NA,0.0056,"Minnesota"
"929","Dibenzo[a,e]fluoranthene","5385-75-1",NA,NA,0.0062,"Minnesota"
"930","Dibenzo[a,i]pyrene","189-55-9",NA,NA,0.0091,"Minnesota"
"931","Dibromo-3-chloropropane, 1,2-","96-12-8",NA,0.2,0.005,"Minnesota"
"932","Dichloro-2-butene, 1,4-","764-41-0",NA,NA,0.0024,"Minnesota"
"933","Dichloro-2-butene, cis-1,4-","1476-11-5",NA,NA,0.0024,"Minnesota"
"934","Dichlorobenzene(p), 1,4-","106-46-7",NA,800,0.91,"Minnesota"
"935","Dichlorobenzenes","25321-22-6",NA,800,0.91,"Minnesota"
"936","Dichlorobenzidene, 3,3-","91-94-1",NA,NA,0.029,"Minnesota"
"937","Dichlorodifluoromethane (CFC-12)","75-71-8",NA,NA,NA,"Minnesota"
"938","Dichloroethyl ether (Bis(2-chloroethyl)ethe","111-44-4",NA,NA,0.03,"Minnesota"
"939","Dichloroethylene (1,1-) (Vinylidene chloride)","75-35-4",NA,200,NA,"Minnesota"
"940","Dichloroethylene, trans-1,2-","156-60-5",NA,60,NA,"Minnesota"
"941","Dichloropropene, 1,3-","542-75-6",NA,20,2.5,"Minnesota"
"942","Dichlorvos","62-73-7",NA,0.5,NA,"Minnesota"
"943","Dicyclopentadiene","77-73-6",NA,NA,NA,"Minnesota"
"944","Dieldrin","60-57-1",NA,NA,0.0022,"Minnesota"
"945","Diesel exhaust particulate","MDPM25",NA,5,NA,"Minnesota"
"946","Diethanolamine","111-42-2",NA,3,NA,"Minnesota"
"947","Diethylene Glycol Monobutyl Ether","112-34-5",NA,0.1,NA,"Minnesota"
"948","Diethylene Glycol Monoethyl Ether","111-90-0",NA,0.3,NA,"Minnesota"
"949","Difluoroethane, 1,1-","75-37-6",NA,40000,NA,"Minnesota"
"950","Diisopropyl Ether","108-20-3",NA,700,NA,"Minnesota"
"951","Dimethyl aminoazobenzene","60-11-7",NA,NA,0.0077,"Minnesota"
"952","Dimethyl formamide","68-12-2",NA,30,NA,"Minnesota"
"953","Dimethylamino ethanol, 2-","108-01-0",NA,NA,NA,"Minnesota"
"954","Dimethylbenz[a]anthracene, 7,12-","57-97-6",NA,NA,NA,"Minnesota"
"955","Dimethylhydrazine, 1,1-","57-14-7",NA,NA,NA,"Minnesota"
"956","Dinitropyrene, 1,6- (BaP)","42397-64-8",NA,NA,0.00056,"Minnesota"
"957","Dinitropyrene, 1,8- (BaP)","42397-65-9",NA,NA,0.0056,"Minnesota"
"958","Dinitrotoluene, 2,4-","121-14-2",NA,NA,0.11,"Minnesota"
"959","Dioxane, 1,4- (1,4-Diethylene dioxide)","123-91-1",3000,30,2,"Minnesota"
"960","Diphenylhydrazine, 1,2-","122-66-7",NA,NA,0.045,"Minnesota"
"961","Epichlorohydrin (l-Chloro-2,3-epoxypropane)","106-89-8",1300,1,8.3,"Minnesota"
"962","Epoxybutane, 1,2-","106-88-7",NA,20,NA,"Minnesota"
"963","Ethanol","67-17-5",180000,15000,NA,"Minnesota"
"964","Ethoxyethanol, 2- (ethylene glycol monoethyl ether)","110-80-5",400,200,NA,"Minnesota"
"965","Ethyl Acetate","141-78-6",40000,3300,NA,"Minnesota"
"966","Ethyl Acrylate","140-88-5",NA,NA,NA,"Minnesota"
"967","Ethyl benzene","100-41-4",10000,1000,4,"Minnesota"
"968","Ethyl carbamate (Urethane)","51-79-6",NA,NA,0.034,"Minnesota"
"969","Ethyl chloride (Chloroethane)","75-00-3",1e+05,10000,NA,"Minnesota"
"970","Ethyl Methacrylate","97-63-2",NA,300,NA,"Minnesota"
"971","Ethylene dibromide (Dibromoethane)","106-93-4",NA,9,0.05,"Minnesota"
"972","Ethylene dichloride (1,2-Dichloroethane)","107-06-2",NA,400,0.38,"Minnesota"
"973","Ethylene glycol","107-21-1",NA,400,NA,"Minnesota"
"974","Ethylene oxide","75-21-8",NA,30,0.0033,"Minnesota"
"975","Ethylene thiourea","96-45-7",NA,NA,0.77,"Minnesota"
"976","Ethylidene dichloride (1,1-Dichloroethane)","75-34-3",NA,NA,6.3,"Minnesota"
"977","Fluoranthene","206-44-0",NA,NA,0.071,"Minnesota"
"978","Fluorides (except hydrogen fluoride)","1101",NA,13,NA,"Minnesota"
"979","Formaldehyde","50-00-0",94,9,2,"Minnesota"
"980","Formic Acid","64-16-6",270,NA,NA,"Minnesota"
"981","Formic Acid","64-18-6",NA,NA,NA,"Minnesota"
"982","Furfural","98-01-1",230,20,NA,"Minnesota"
"983","Glutaraldehyde","111-30-8",NA,0.08,NA,"Minnesota"
"984","Glycol ethers","0-01-2",90,20,NA,"Minnesota"
"985","Heptachlor","76-44-8",NA,NA,0.0077,"Minnesota"
"986","Heptachlor epoxide","1024-57-3",NA,NA,0.0038,"Minnesota"
"987","Heptachlorodibenzo-p-dioxin, 1,2,3,4,6,7,8-","35822-46-9",NA,0.004,2.5e-06,"Minnesota"
"988","Heptachlorodibenzodioxin, All Isomers","00-08-5",NA,0.004,2.5e-06,"Minnesota"
"989","Heptachlorodibenzofuran, 1,2,3,4,6,7,8-","67562-39-4",NA,0.004,2.5e-06,"Minnesota"
"990","Heptachlorodibenzofuran, 1,2,3,4,7,8,9-","55673-89-7",NA,0.004,2.5e-06,"Minnesota"
"991","Heptachlorodibenzofuran, All Isomers","00-08-4",NA,0.004,2.5e-06,"Minnesota"
"992","Hexachlorobenzene","118-74-1",NA,NA,0.022,"Minnesota"
"993","Hexachlorobutadiene","87-68-3",NA,NA,0.45,"Minnesota"
"994","Hexachlorocyclohexane (technical grade)","608-73-1",NA,NA,0.02,"Minnesota"
"995","Hexachlorocyclohexane, alpha-","319-84-6",NA,NA,0.0056,"Minnesota"
"996","Hexachlorocyclohexane, beta-1,2,3,4,5,6-","319-85-7",NA,NA,0.019,"Minnesota"
"997","Hexachlorocyclopentadiene","77-47-4",NA,0.2,NA,"Minnesota"
"998","Hexachlorodibenzo-p-dioxin, 1,2,3,4,7,8-","39227-28-6",NA,4e-04,2.5e-07,"Minnesota"
"999","Hexachlorodibenzo-p-dioxin, 1,2,3,6,7,8-","57653-85-7",NA,4e-04,7.7e-06,"Minnesota"
"1000","Hexachlorodibenzo-p-dioxin, 1,2,3,7,8,9-","19408-74-3",NA,4e-04,7.7e-06,"Minnesota"
"1001","Hexachlorodibenzodioxins, All Isomers","00-08-3",NA,4e-04,2.5e-07,"Minnesota"
"1002","Hexachlorodibenzofuran, 1,2,3,4,7,8-","70648-26-9",NA,4e-04,2.5e-07,"Minnesota"
"1003","Hexachlorodibenzofuran, 1,2,3,6,7,8-","57117-44-9",NA,4e-04,2.5e-07,"Minnesota"
"1004","Hexachlorodibenzofuran, 1,2,3,7,8,9-","72918-21-9",NA,4e-04,2.5e-07,"Minnesota"
"1005","Hexachlorodibenzofuran, 2,3,4,6,7,8-","60851-34-5",NA,4e-04,2.5e-07,"Minnesota"
"1006","Hexachlorodibenzofurans, All Isomers","00-08-2",NA,7200,2.5e-07,"Minnesota"
"1007","Hexachloroethane","67-72-1",NA,30,2.5,"Minnesota"
"1008","Hexamethylene-1,6-diisocyanate","822-06-0",NA,0.01,NA,"Minnesota"
"1009","Hexane","110-54-3",NA,2000,50,"Minnesota"
"1010","Hexanone-2","591-78-6",NA,30,NA,"Minnesota"
"1011","Hydrazine","302-01-2",NA,0.2,0.002,"Minnesota"
"1012","Hydrazine sulfate","10034-93-2",NA,NA,0.002,"Minnesota"
"1013","Hydrochloric acid (hydrogen chloride)","7647-01-0",2700,20,NA,"Minnesota"
"1014","Hydrogen cyanide","74-90-8",700,3,NA,"Minnesota"
"1015","Hydrogen fluoride (Hydrofluoric acid)","7664-39-3",240,14,NA,"Minnesota"
"1016","Hydrogen selenide","7783-07-5",5,NA,NA,"Minnesota"
"1017","Hydrogen sulfide","7783-06-4",42,2,NA,"Minnesota"
"1018","Indeno(1,2,3-cd)pyrene","193-39-5",NA,NA,0.077,"Minnesota"
"1019","Isoamyl","121-51-3",10200,860,NA,"Minnesota"
"1020","Isophorone","78-59-1",NA,2000,NA,"Minnesota"
"1021","Isopropyl alcohol","67-63-0",3200,7000,NA,"Minnesota"
"1022","Lactic Acid","50-21-5",850,70,NA,"Minnesota"
"1023","Lead","7439-92-1",NA,0.15,0.83,"Minnesota"
"1024","Lead Chromate","7758-97-6",NA,0.008,8e-04,"Minnesota"
"1025","Lead Compounds","0-01-3",NA,0.15,0.83,"Minnesota"
"1026","Lindane (all isomers)","58-89-9",NA,NA,0.032,"Minnesota"
"1027","m- and p-Xylenes","00-07-8",43000,100,NA,"Minnesota"
"1028","Maleic anhydride","108-31-6",NA,0.7,NA,"Minnesota"
"1029","Manganese","7439-96-5",NA,0.2,NA,"Minnesota"
"1030","Manganese Compounds","0-01-4",NA,0.2,NA,"Minnesota"
"1031","Manganese Dioxide","1313-13-9",NA,0.2,NA,"Minnesota"
"1032","Mercury (elemental)","7439-97-6",0.6,0.3,NA,"Minnesota"
"1033","Mercury Compounds","0-02-3",0.6,0.3,NA,"Minnesota"
"1034","Methacrylonitrile","126-98-7",NA,30,NA,"Minnesota"
"1035","Methanol","67-56-1",25000,20000,NA,"Minnesota"
"1036","Methoxyethanol, 2- (ethylene glycol monomethyl ether EGME)","109-86-4",90,20,NA,"Minnesota"
"1037","Methyl acrylate","96-33-3",NA,20,NA,"Minnesota"
"1038","Methyl bromide (Bromomethane)","74-83-9",2000,5,NA,"Minnesota"
"1039","Methyl Cellosolve Acetate","110-49-6",NA,90,NA,"Minnesota"
"1040","Methyl chloride (Chloromethane)","74-87-3",NA,90,NA,"Minnesota"
"1041","Methyl chloroform (1,1,1-Trichloroethane)","71-55-6",140000,5000,NA,"Minnesota"
"1042","Methyl ethyl ketone (2-Butanone)","78-93-3",10000,5000,NA,"Minnesota"
"1043","Methyl Hydrazine","60-34-4",NA,NA,0.01,"Minnesota"
"1044","Methyl isobutyl ketone (Hexone)","108-10-1",NA,3000,NA,"Minnesota"
"1045","Methyl isocyanate","624-83-9",NA,1,NA,"Minnesota"
"1046","Methyl methacrylate","80-62-6",NA,700,NA,"Minnesota"
"1047","Methyl tert butyl ether","1634-04-4",NA,3000,38,"Minnesota"
"1048","Methylcholanthrene, 3-","56-49-5",NA,NA,0.001,"Minnesota"
"1049","Methylchrysene, 5-","3697-24-3",NA,NA,0.0056,"Minnesota"
"1050","Methylene bis(2-chloroaniline), 4,4-","101-14-4",NA,NA,0.023,"Minnesota"
"1051","Methylene Bromide","74-95-3",NA,NA,NA,"Minnesota"
"1052","Methylene chloride (Dichloromethane)","75-09-2",10000,600,20,"Minnesota"
"1053","Methylene diphenyl diisocyanate (MDI)","101-68-8",NA,0.6,NA,"Minnesota"
"1054","Methylenedianiline, 4,4-","101-77-9",NA,20,0.022,"Minnesota"
"1055","Michler's ketone","90-94-8",NA,NA,0.04,"Minnesota"
"1056","N- Nitrosomethylethylamine","10595-95-6",NA,NA,0.0016,"Minnesota"
"1057","N-Nitrosodi-n-butylamine","924-16-3",NA,NA,0.0062,"Minnesota"
"1058","N-Nitrosodi-n-propylamine","621-64-7",NA,NA,0.005,"Minnesota"
"1059","N-Nitrosodiethylamine","55-18-5",NA,NA,0.00023,"Minnesota"
"1060","N-Nitrosodimethylamine","62-75-9",NA,NA,0.00071,"Minnesota"
"1061","N-Nitrosodiphenylamine","86-30-6",NA,NA,3.8,"Minnesota"
"1062","N-Nitrosomorpholine","59-89-2",NA,NA,0.0053,"Minnesota"
"1063","N-Nitrosopiperidine","100-75-4",NA,NA,0.0037,"Minnesota"
"1064","N-Nonane","111-84-2",NA,20,NA,"Minnesota"
"1065","Naphtha, High Flash Aromatic (HFAN)","64724-95-6",NA,100,NA,"Minnesota"
"1066","Naphthalene","91-20-3",200,9,9,"Minnesota"
"1067","Naphtho[2,3-e]pyrene","193-09-9",NA,NA,0.019,"Minnesota"
"1068","Nickel","7440-02-0",11,0.014,0.02,"Minnesota"
"1069","Nickel Compounds","0-01-5",11,0.014,0.02,"Minnesota"
"1070","Nickel oxide","1313-99-1",11,0.02,0.038,"Minnesota"
"1071","Nickel refinery dust from the pyrometallurgical process","0-02-5",11,0.014,0.04,"Minnesota"
"1072","Nickel sulfide (NI3S2)","12035-72-2",11,0.014,0.02,"Minnesota"
"1073","Nitric acid","7697-37-2",130,NA,NA,"Minnesota"
"1074","Nitroacenaphthene, 5-","602-87-9",NA,NA,0.28,"Minnesota"
"1075","Nitroaniline, 2-","88-74-4",NA,NA,NA,"Minnesota"
"1076","Nitroaniline, 4-","100-01-6",NA,NA,NA,"Minnesota"
"1077","Nitrobenzene","98-95-3",NA,9,0.25,"Minnesota"
"1078","Nitrochrysene, 6-","7496-02-8",NA,NA,0.00056,"Minnesota"
"1079","Nitrofluorene, 2-","607-57-8",NA,NA,0.56,"Minnesota"
"1080","Nitrogen dioxide (NO2)","10102-44-0",470,NA,NA,"Minnesota"
"1081","Nitrogen oxides (NOx)","VARIOUS-Nox",470,NA,NA,"Minnesota"
"1082","Nitromethane","75-52-5",NA,5,1.1,"Minnesota"
"1083","Nitropropane, 2-","79-46-9",NA,20,NA,"Minnesota"
"1084","Nitropyrene, 1-","5522-43-0",NA,NA,0.056,"Minnesota"
"1085","Nitropyrene, 4-","57835-92-4",NA,NA,0.056,"Minnesota"
"1086","Nitrosodiphenylamine, p-","156-10-5",NA,NA,1.6,"Minnesota"
"1087","Octachlorodibenzo-p-dioxin, 1,2,3,4,6,7,8,9-","3268-87-9",NA,0.13,8.3e-05,"Minnesota"
"1088","Octachlorodibenzofuran, 1,2,3,4,6,7,8,9-","39001-02-0",NA,0.13,8.3e-05,"Minnesota"
"1089","Ozone","10028-15-6",180,NA,NA,"Minnesota"
"1090","PCB 114 (2,3,4,4,5 Pentachlorobiphenyl)","74472-37-0",NA,1.3,0.00053,"Minnesota"
"1091","PCB 118 (2,3,4,4,5 Pentachlorobiphenyl)","31508-00-6",NA,1.3,0.0026,"Minnesota"
"1092","PCB 123 (2,3,4,4,5 Pentachlorobiphenyl)","65510-44-3",NA,1.3,0.0026,"Minnesota"
"1093","PCB 126 (3,3,4,4,5 Pentachlorobiphenyl)","57465-28-8",NA,4e-04,2.6e-06,"Minnesota"
"1094","PCB 156 (2,3,3,4,4,5 Hexachlorobiphenyl)","38380-0804",NA,1.3,0.00053,"Minnesota"
"1095","PCB 157 (2,3,3,4,4,5 Hexachlorobiphenyl)","69782-90-7",NA,1.3,0.00053,"Minnesota"
"1096","PCB 167 (2,3,4,4,5,5 Hexachlorobiphenyl)","52663-72-6",NA,1.3,0.026,"Minnesota"
"1097","PCB 169 (3,3,4,4,5,5 Hexachlorobiphenyl)","32774-16-6",NA,0.0013,2.6e-05,"Minnesota"
"1098","PCB 189 (2,3,3,4,4,5,5 Heptachlorobiphenyl)","39635-31-9",NA,1.3,0.0026,"Minnesota"
"1099","PCB 77 (3,3,4,4-Tetrachlorobiphenyl)","32598-13-3",NA,0.4,0.0026,"Minnesota"
"1100","PCB 81 (3,4,4,5 Tetrachlorobiphenyl)","70362-50-4",NA,0.13,0.0026,"Minnesota"
"1101","PCB105 (2,3,3,4,4 Pentachlorobiphenyl)","32598-14-4",NA,1.3,0.0026,"Minnesota"
"1102","Pentachlorodibenzo-p-dioxin, 1,2,3,7,8-","40321-76-4",NA,4e-05,2.5e-08,"Minnesota"
"1103","Pentachlorodibenzodioxins, All Isomers","00-08-1",NA,4e-05,2.5e-08,"Minnesota"
"1104","Pentachlorodibenzofuran, 1,2,3,7,8-","57117-41-6",NA,0.0013,8.3e-07,"Minnesota"
"1105","Pentachlorodibenzofuran, 2,3,4,7,8-","57117-31-4",NA,0.00013,8.3e-08,"Minnesota"
"1106","Pentachlorodibenzofurans, All Isomers","00-09-0",NA,0.00013,8.3e-08,"Minnesota"
"1107","Pentachlorophenol","87-86-5",NA,NA,2,"Minnesota"
"1108","Pentane, n-","109-66-0",NA,1000,NA,"Minnesota"
"1109","Petroleum Hydrocarbons, Aliphatic (C7 - C11)","00-07-7",NA,5000,2.5,"Minnesota"
"1110","Phenanthrene","85-01-8",NA,NA,NA,"Minnesota"
"1111","Phenol","108-95-2",5800,200,NA,"Minnesota"
"1112","Phosgene","75-44-5",4,0.3,NA,"Minnesota"
"1113","Phosphine","7803-51-2",NA,0.3,NA,"Minnesota"
"1114","Phosphoric acid","7664-38-2",NA,10,NA,"Minnesota"
"1115","Phthalic anhydride","85-44-9",NA,20,NA,"Minnesota"
"1116","Polychlorinated biphenyls (Aroclors unspeciated)","1336-36-3",NA,4e-04,0.1,"Minnesota"
"1117","Polychlorinated Dibenzo-P-Dioxins And Furans, Total","00-08-0",NA,4e-05,2.5e-08,"Minnesota"
"1118","Polychlorinated Dibenzodioxins, Total","00-05-0",NA,4e-05,2.5e-08,"Minnesota"
"1119","Polychlorinated Dibenzofurans, Total","00-05-1",NA,0.00013,8.3e-08,"Minnesota"
"1120","Polycyclic Aromatic Hydrocarbons (PAH)","130498-29-2",NA,NA,0.0056,"Minnesota"
"1121","Polycyclic Organic Matter (POM)","00-01-7",NA,NA,0.11,"Minnesota"
"1122","Polymeric diphenylmethane diisocyanate","9016-87-9",NA,0.6,NA,"Minnesota"
"1123","Potassium bromate","7758-01-2",NA,NA,0.071,"Minnesota"
"1124","Propane sultone, 1,3-","1120-71-4",NA,NA,0.014,"Minnesota"
"1125","Propanol","71-23-8",14000,1200,NA,"Minnesota"
"1126","Propionaldehyde","123-38-6",NA,8,NA,"Minnesota"
"1127","Propionic Acid","79-09-4",850,70,NA,"Minnesota"
"1128","Proprionaldehyde","128-38-6",1300,110,NA,"Minnesota"
"1129","Propylene","115-07-1",NA,3000,NA,"Minnesota"
"1130","Propylene dichloride (1,2-Dichloropropane)","78-87-5",NA,4,NA,"Minnesota"
"1131","Propylene Glycol Monomethyl Ether","107-98-2",NA,2000,NA,"Minnesota"
"1132","Propylene oxide","75-56-9",3100,30,3,"Minnesota"
"1133","Pyrrolidine, 1-Nitroso-","930-55-2",NA,NA,0.016,"Minnesota"
"1134","Selenium","7782-49-2",NA,20,NA,"Minnesota"
"1135","Selenium Compounds","0-01-9",NA,20,NA,"Minnesota"
"1136","Silica (crystalline, respirable, PM4)","7631-86-9",NA,3,NA,"Minnesota"
"1137","Sodium hydroxide","1310-73-2",8,NA,NA,"Minnesota"
"1138","Strontium chromate","7789-06-2",NA,0.008,8e-04,"Minnesota"
"1139","Styrene","100-42-5",21000,1000,NA,"Minnesota"
"1140","Sulfates","14808-79-8",120,NA,NA,"Minnesota"
"1141","Sulfolane","126-33-0",NA,NA,NA,"Minnesota"
"1142","Sulfur dioxide","7446-09-5",660,NA,NA,"Minnesota"
"1143","Sulfuric acid (aerosol forms only)","7664-93-9",120,1,NA,"Minnesota"
"1144","Sulfuric Acid mixture w. sulfur trioxide (oleum)","8014-95-7",120,NA,NA,"Minnesota"
"1145","TCDD Eqivalents, 2,3,7,8-","00-09-1",NA,4e-05,2.5e-08,"Minnesota"
"1146","Tetrachlorodibenzo-p-dioxin, 2,3,7,8-","1746-01-6",NA,4e-05,2.5e-08,"Minnesota"
"1147","Tetrachlorodibenzodioxins, All Isomers","00-08-8",NA,4e-05,2.5e-08,"Minnesota"
"1148","Tetrachlorodibenzofuran, 2,3,7,8-","51207-31-9",NA,4e-04,2.5e-07,"Minnesota"
"1149","Tetrachlorodibenzofurans, All Isomers","00-08-6",NA,4e-04,2.5e-07,"Minnesota"
"1150","Tetrachloroethane, 1,1,1,2-","630-20-6",NA,NA,1.4,"Minnesota"
"1151","Tetrachloroethane, 1,1,2,2-","79-34-5",NA,NA,0.17,"Minnesota"
"1152","Tetrachloroethylene (Perchloroethylene)","127-18-4",20000,100,2,"Minnesota"
"1153","Tetrafluoroethane, 1,1,1,2-","811-97-2",NA,80000,NA,"Minnesota"
"1154","Tetrahydrofuran","109-99-9",NA,2000,NA,"Minnesota"
"1155","Thioacetamide","62-55-5",NA,NA,0.0059,"Minnesota"
"1156","Toluene","108-88-3",37000,400,NA,"Minnesota"
"1157","Toluene-2,6-diisocyanate","91-08-7",NA,0.07,0.91,"Minnesota"
"1158","Toluene diamine, 2,4-","95-80-7",NA,NA,0.0091,"Minnesota"
"1159","Toluene diisocyanate, 2,4-","584-84-9",NA,0.07,0.91,"Minnesota"
"1160","Toluenediisocyanate (mixed isomers)","26471-62-5",NA,0.08,0.91,"Minnesota"
"1161","Toxaphene (chlorinated camphene)","8001-35-2",NA,NA,0.031,"Minnesota"
"1162","Trichlorobenzene, 1,2,4-","120-82-1",NA,2,NA,"Minnesota"
"1163","Trichloroethane, 1,1,2-","79-00-5",NA,NA,0.63,"Minnesota"
"1164","Trichloroethylene","79-01-6",2000,2,2,"Minnesota"
"1165","Trichlorofluoromethane (CFC-11)","75-69-4",NA,NA,NA,"Minnesota"
"1166","Trichlorophenol, 2,4,6-","88-06-2",NA,NA,3.2,"Minnesota"
"1167","Trichloropropane, 1,2,3-","96-18-4",NA,0.3,NA,"Minnesota"
"1168","Trichloropropene, 1,2,3-","96-19-5",NA,0.3,NA,"Minnesota"
"1169","Triethylamine","121-44-8",2800,7,NA,"Minnesota"
"1170","Trimethylbenzene, 1,2,3-","526-73-8",NA,5,NA,"Minnesota"
"1171","Trimethylbenzene, 1,2,4-","95-63-6",NA,7,NA,"Minnesota"
"1172","Vanadium Pentoxide, (V2O5)","1314-62-1",30,0.007,0.0012,"Minnesota"
"1173","Vinyl acetate","108-05-4",NA,200,NA,"Minnesota"
"1174","Vinyl bromide","593-60-2",NA,3,NA,"Minnesota"
"1175","Vinyl chloride","75-01-4",180000,100,1,"Minnesota"
"1176","Xylenes","1330-20-7",43000,100,NA,"Minnesota"
"1177","Xylenes, m-","108-38-3",43000,100,NA,"Minnesota"
"1178","Xylenes, o-","95-47-6",43000,100,NA,"Minnesota"
"1179","Xylenes, p-","106-42-3",43000,100,NA,"Minnesota"
"1180","Zinc chromate","13530-65-9",NA,0.008,8e-04,"Minnesota"
